"freqMin","freqMax","start","end","quality","comment","file"
23.5,115.7,"2023-01-12T00:00:00Z","2023-01-12T23:58:25Z","1","Fish chorus","//nefscdata/PassiveAcoustics/DETECTOR_OUTPUT/PYTHON_SOUNDSCAPE_PYPAM/Raw/NEFSC_DE/NEFSC_DE_202301_DB01/NC/NEFSC_DE_202301_DB01_20230112.nc"
24.4,105.3,"2023-01-13T00:01:35Z","2023-01-14T00:00:00Z","1","Fish chorus","//nefscdata/PassiveAcoustics/DETECTOR_OUTPUT/PYTHON_SOUNDSCAPE_PYPAM/Raw/NEFSC_DE/NEFSC_DE_202301_DB01/NC/NEFSC_DE_202301_DB01_20230113.nc"
26.3,99.4,"2023-01-14T00:00:00Z","2023-01-15T00:00:00Z","1","Fish chorus","//nefscdata/PassiveAcoustics/DETECTOR_OUTPUT/PYTHON_SOUNDSCAPE_PYPAM/Raw/NEFSC_DE/NEFSC_DE_202301_DB01/NC/NEFSC_DE_202301_DB01_20230114.nc"
24.4,97.6,"2023-01-15T00:03:02Z","2023-01-16T00:00:00Z","1","Fish chorus","//nefscdata/PassiveAcoustics/DETECTOR_OUTPUT/PYTHON_SOUNDSCAPE_PYPAM/Raw/NEFSC_DE/NEFSC_DE_202301_DB01/NC/NEFSC_DE_202301_DB01_20230115.nc"
22.2,95.7,"2023-01-16T00:03:02Z","2023-01-17T00:00:00Z","1","Fish chorus","//nefscdata/PassiveAcoustics/DETECTOR_OUTPUT/PYTHON_SOUNDSCAPE_PYPAM/Raw/NEFSC_DE/NEFSC_DE_202301_DB01/NC/NEFSC_DE_202301_DB01_20230116.nc"
21,97.6,"2023-01-17T00:03:02Z","2023-01-18T00:00:00Z","1","Fish chorus","//nefscdata/PassiveAcoustics/DETECTOR_OUTPUT/PYTHON_SOUNDSCAPE_PYPAM/Raw/NEFSC_DE/NEFSC_DE_202301_DB01/NC/NEFSC_DE_202301_DB01_20230117.nc"
175.7,1046.8,"2023-01-17T04:15:44Z","2023-01-17T07:40:30Z","1","Humpback whale","//nefscdata/PassiveAcoustics/DETECTOR_OUTPUT/PYTHON_SOUNDSCAPE_PYPAM/Raw/NEFSC_DE/NEFSC_DE_202301_DB01/NC/NEFSC_DE_202301_DB01_20230117.nc"
12585,23961,"2023-01-17T16:34:56Z","2023-01-17T19:08:52Z","2","Dolphin","//nefscdata/PassiveAcoustics/DETECTOR_OUTPUT/PYTHON_SOUNDSCAPE_PYPAM/Raw/NEFSC_DE/NEFSC_DE_202301_DB01/NC/NEFSC_DE_202301_DB01_20230117.nc"
25.8,120.2,"2023-01-18T00:01:35Z","2023-01-19T00:00:00Z","2","Fish chorus","//nefscdata/PassiveAcoustics/DETECTOR_OUTPUT/PYTHON_SOUNDSCAPE_PYPAM/Raw/NEFSC_DE/NEFSC_DE_202301_DB01/NC/NEFSC_DE_202301_DB01_20230118.nc"
28.4,95.7,"2023-01-19T00:00:00Z","2023-01-19T11:48:22Z","2","Fish chorus","//nefscdata/PassiveAcoustics/DETECTOR_OUTPUT/PYTHON_SOUNDSCAPE_PYPAM/Raw/NEFSC_DE/NEFSC_DE_202301_DB01/NC/NEFSC_DE_202301_DB01_20230119.nc"
27.9,105.3,"2023-01-20T02:52:50Z","2023-01-21T00:00:00Z","2","Fish chorus","//nefscdata/PassiveAcoustics/DETECTOR_OUTPUT/PYTHON_SOUNDSCAPE_PYPAM/Raw/NEFSC_DE/NEFSC_DE_202301_DB01/NC/NEFSC_DE_202301_DB01_20230120.nc"
26.3,95.7,"2023-01-21T00:01:34Z","2023-01-21T04:15:55Z","2","Fish chorus","//nefscdata/PassiveAcoustics/DETECTOR_OUTPUT/PYTHON_SOUNDSCAPE_PYPAM/Raw/NEFSC_DE/NEFSC_DE_202301_DB01/NC/NEFSC_DE_202301_DB01_20230121.nc"
80.7,970.2,"2023-01-21T19:26:21Z","2023-01-22T00:00:00Z","2","Humpback whale","//nefscdata/PassiveAcoustics/DETECTOR_OUTPUT/PYTHON_SOUNDSCAPE_PYPAM/Raw/NEFSC_DE/NEFSC_DE_202301_DB01/NC/NEFSC_DE_202301_DB01_20230121.nc"
77.7,2323.3,"2023-01-22T00:00:00Z","2023-01-22T02:12:17Z","2","Humpback whale","//nefscdata/PassiveAcoustics/DETECTOR_OUTPUT/PYTHON_SOUNDSCAPE_PYPAM/Raw/NEFSC_DE/NEFSC_DE_202301_DB01/NC/NEFSC_DE_202301_DB01_20230122.nc"
115.7,899.3,"2023-01-22T02:50:03Z","2023-01-22T11:34:19Z","2","Humpback whale","//nefscdata/PassiveAcoustics/DETECTOR_OUTPUT/PYTHON_SOUNDSCAPE_PYPAM/Raw/NEFSC_DE/NEFSC_DE_202301_DB01/NC/NEFSC_DE_202301_DB01_20230122.nc"
30.6,95.7,"2023-01-22T12:32:24Z","2023-01-23T00:00:00Z","2","Fish chorus","//nefscdata/PassiveAcoustics/DETECTOR_OUTPUT/PYTHON_SOUNDSCAPE_PYPAM/Raw/NEFSC_DE/NEFSC_DE_202301_DB01/NC/NEFSC_DE_202301_DB01_20230122.nc"
28.4,97.6,"2023-01-23T00:04:29Z","2023-01-24T00:00:00Z","2","Fish chorus","//nefscdata/PassiveAcoustics/DETECTOR_OUTPUT/PYTHON_SOUNDSCAPE_PYPAM/Raw/NEFSC_DE/NEFSC_DE_202301_DB01/NC/NEFSC_DE_202301_DB01_20230123.nc"
10213.3,23961,"2023-01-23T01:47:36Z","2023-01-23T03:46:41Z","2","Dolphin","//nefscdata/PassiveAcoustics/DETECTOR_OUTPUT/PYTHON_SOUNDSCAPE_PYPAM/Raw/NEFSC_DE/NEFSC_DE_202301_DB01/NC/NEFSC_DE_202301_DB01_20230123.nc"
10608.6,23545.9,"2023-01-23T00:00:00Z","2023-01-23T01:02:35Z","2","Dolphin","//nefscdata/PassiveAcoustics/DETECTOR_OUTPUT/PYTHON_SOUNDSCAPE_PYPAM/Raw/NEFSC_DE/NEFSC_DE_202301_DB01/NC/NEFSC_DE_202301_DB01_20230123.nc"
30.6,90.4,"2023-01-24T00:01:35Z","2023-01-24T07:36:08Z","2","Fish chorus","//nefscdata/PassiveAcoustics/DETECTOR_OUTPUT/PYTHON_SOUNDSCAPE_PYPAM/Raw/NEFSC_DE/NEFSC_DE_202301_DB01/NC/NEFSC_DE_202301_DB01_20230124.nc"
26.3,90.4,"2023-01-25T21:57:55Z","2023-01-26T00:00:00Z","2","Fish chorus","//nefscdata/PassiveAcoustics/DETECTOR_OUTPUT/PYTHON_SOUNDSCAPE_PYPAM/Raw/NEFSC_DE/NEFSC_DE_202301_DB01/NC/NEFSC_DE_202301_DB01_20230125.nc"
27.9,93.9,"2023-01-26T00:17:33Z","2023-01-27T00:00:00Z","2","Fish chorus","//nefscdata/PassiveAcoustics/DETECTOR_OUTPUT/PYTHON_SOUNDSCAPE_PYPAM/Raw/NEFSC_DE/NEFSC_DE_202301_DB01/NC/NEFSC_DE_202301_DB01_20230126.nc"
29.5,93.9,"2023-01-27T00:01:35Z","2023-01-27T23:55:29Z","2","Fish chorus","//nefscdata/PassiveAcoustics/DETECTOR_OUTPUT/PYTHON_SOUNDSCAPE_PYPAM/Raw/NEFSC_DE/NEFSC_DE_202301_DB01/NC/NEFSC_DE_202301_DB01_20230127.nc"
30.1,95.7,"2023-01-28T00:01:34Z","2023-01-28T05:48:24Z","2","Fish chorus","//nefscdata/PassiveAcoustics/DETECTOR_OUTPUT/PYTHON_SOUNDSCAPE_PYPAM/Raw/NEFSC_DE/NEFSC_DE_202301_DB01/NC/NEFSC_DE_202301_DB01_20230128.nc"
31.8,99.4,"2023-01-30T11:54:39Z","2023-01-31T00:00:00Z","2","Fish chorus","//nefscdata/PassiveAcoustics/DETECTOR_OUTPUT/PYTHON_SOUNDSCAPE_PYPAM/Raw/NEFSC_DE/NEFSC_DE_202301_DB01/NC/NEFSC_DE_202301_DB01_20230130.nc"
172.4,689.4,"2023-01-30T02:03:34Z","2023-01-30T03:32:10Z","2","Humpback whale","//nefscdata/PassiveAcoustics/DETECTOR_OUTPUT/PYTHON_SOUNDSCAPE_PYPAM/Raw/NEFSC_DE/NEFSC_DE_202301_DB01/NC/NEFSC_DE_202301_DB01_20230130.nc"
28.4,95.7,"2023-01-31T00:00:08Z","2023-02-01T00:00:00Z","2","Fish chorus","//nefscdata/PassiveAcoustics/DETECTOR_OUTPUT/PYTHON_SOUNDSCAPE_PYPAM/Raw/NEFSC_DE/NEFSC_DE_202301_DB01/NC/NEFSC_DE_202301_DB01_20230131.nc"
28.4,95.7,"2023-02-01T00:00:00Z","2023-02-02T00:00:00Z","2","Fish chorus","//nefscdata/PassiveAcoustics/DETECTOR_OUTPUT/PYTHON_SOUNDSCAPE_PYPAM/Raw/NEFSC_DE/NEFSC_DE_202301_DB01/NC/NEFSC_DE_202301_DB01_20230201.nc"
28.4,92.2,"2023-02-02T00:01:34Z","2023-02-03T00:00:00Z","2","Fish chorus","//nefscdata/PassiveAcoustics/DETECTOR_OUTPUT/PYTHON_SOUNDSCAPE_PYPAM/Raw/NEFSC_DE/NEFSC_DE_202301_DB01/NC/NEFSC_DE_202301_DB01_20230202.nc"
29,90.4,"2023-02-03T00:00:00Z","2023-02-03T10:34:46Z","2","Fish chorus","//nefscdata/PassiveAcoustics/DETECTOR_OUTPUT/PYTHON_SOUNDSCAPE_PYPAM/Raw/NEFSC_DE/NEFSC_DE_202301_DB01/NC/NEFSC_DE_202301_DB01_20230203.nc"
26.3,88.7,"2023-02-03T14:35:51Z","2023-02-04T00:00:00Z","2","Fish chorus","//nefscdata/PassiveAcoustics/DETECTOR_OUTPUT/PYTHON_SOUNDSCAPE_PYPAM/Raw/NEFSC_DE/NEFSC_DE_202301_DB01/NC/NEFSC_DE_202301_DB01_20230203.nc"
27.9,90.4,"2023-02-04T00:00:00Z","2023-02-04T11:48:14Z","2","Fish chorus","//nefscdata/PassiveAcoustics/DETECTOR_OUTPUT/PYTHON_SOUNDSCAPE_PYPAM/Raw/NEFSC_DE/NEFSC_DE_202301_DB01/NC/NEFSC_DE_202301_DB01_20230204.nc"
30.6,95.7,"2023-02-05T03:51:02Z","2023-02-05T22:53:58Z","2","Fish chorus","//nefscdata/PassiveAcoustics/DETECTOR_OUTPUT/PYTHON_SOUNDSCAPE_PYPAM/Raw/NEFSC_DE/NEFSC_DE_202301_DB01/NC/NEFSC_DE_202301_DB01_20230205.nc"
30.6,93.9,"2023-02-06T07:25:41Z","2023-02-06T23:49:41Z","2","Fish chorus","//nefscdata/PassiveAcoustics/DETECTOR_OUTPUT/PYTHON_SOUNDSCAPE_PYPAM/Raw/NEFSC_DE/NEFSC_DE_202301_DB01/NC/NEFSC_DE_202301_DB01_20230206.nc"
27.9,95.7,"2023-02-07T05:38:30Z","2023-02-08T00:00:00Z","2","Fish chorus","//nefscdata/PassiveAcoustics/DETECTOR_OUTPUT/PYTHON_SOUNDSCAPE_PYPAM/Raw/NEFSC_DE/NEFSC_DE_202301_DB01/NC/NEFSC_DE_202301_DB01_20230207.nc"
28.4,92.2,"2023-02-09T00:00:00Z","2023-02-10T00:00:00Z","2","Fish chorus","//nefscdata/PassiveAcoustics/DETECTOR_OUTPUT/PYTHON_SOUNDSCAPE_PYPAM/Raw/NEFSC_DE/NEFSC_DE_202301_DB01/NC/NEFSC_DE_202301_DB01_20230209.nc"
30.6,90.4,"2023-02-10T04:36:09Z","2023-02-11T00:00:00Z","2","Fish chorus","//nefscdata/PassiveAcoustics/DETECTOR_OUTPUT/PYTHON_SOUNDSCAPE_PYPAM/Raw/NEFSC_DE/NEFSC_DE_202301_DB01/NC/NEFSC_DE_202301_DB01_20230210.nc"
27.9,95.7,"2023-02-11T00:00:08Z","2023-02-11T09:42:29Z","2","Fish chorus","//nefscdata/PassiveAcoustics/DETECTOR_OUTPUT/PYTHON_SOUNDSCAPE_PYPAM/Raw/NEFSC_DE/NEFSC_DE_202301_DB01/NC/NEFSC_DE_202301_DB01_20230211.nc"
28.4,95.7,"2023-02-12T19:04:40Z","2023-02-13T00:00:00Z","2","Fish chorus","//nefscdata/PassiveAcoustics/DETECTOR_OUTPUT/PYTHON_SOUNDSCAPE_PYPAM/Raw/NEFSC_DE/NEFSC_DE_202301_DB01/NC/NEFSC_DE_202301_DB01_20230212.nc"
30.1,92.2,"2023-02-13T00:00:08Z","2023-02-14T00:00:00Z","2","Fish chorus","//nefscdata/PassiveAcoustics/DETECTOR_OUTPUT/PYTHON_SOUNDSCAPE_PYPAM/Raw/NEFSC_DE/NEFSC_DE_202301_DB01/NC/NEFSC_DE_202301_DB01_20230213.nc"
29,99.4,"2023-02-14T00:03:02Z","2023-02-14T09:25:04Z","2","Fish chorus","//nefscdata/PassiveAcoustics/DETECTOR_OUTPUT/PYTHON_SOUNDSCAPE_PYPAM/Raw/NEFSC_DE/NEFSC_DE_202301_DB01/NC/NEFSC_DE_202301_DB01_20230214.nc"
30.6,93.9,"2023-02-15T18:53:36Z","2023-02-16T00:00:00Z","2","Fish chorus","//nefscdata/PassiveAcoustics/DETECTOR_OUTPUT/PYTHON_SOUNDSCAPE_PYPAM/Raw/NEFSC_DE/NEFSC_DE_202301_DB01/NC/NEFSC_DE_202301_DB01_20230215.nc"
28.4,105.3,"2023-02-16T00:03:02Z","2023-02-16T16:23:19Z","2","Fish chorus","//nefscdata/PassiveAcoustics/DETECTOR_OUTPUT/PYTHON_SOUNDSCAPE_PYPAM/Raw/NEFSC_DE/NEFSC_DE_202301_DB01/NC/NEFSC_DE_202301_DB01_20230216.nc"
29,103.3,"2023-02-17T08:11:00Z","2023-02-17T23:54:58Z","2","Fish chorus","//nefscdata/PassiveAcoustics/DETECTOR_OUTPUT/PYTHON_SOUNDSCAPE_PYPAM/Raw/NEFSC_DE/NEFSC_DE_202301_DB01/NC/NEFSC_DE_202301_DB01_20230217.nc"
30.6,97.6,"2023-02-18T00:01:35Z","2023-02-18T17:14:09Z","2","Fish chorus","//nefscdata/PassiveAcoustics/DETECTOR_OUTPUT/PYTHON_SOUNDSCAPE_PYPAM/Raw/NEFSC_DE/NEFSC_DE_202301_DB01/NC/NEFSC_DE_202301_DB01_20230218.nc"
28.4,107.3,"2023-02-20T05:15:16Z","2023-02-21T00:00:00Z","2","Fish chorus","//nefscdata/PassiveAcoustics/DETECTOR_OUTPUT/PYTHON_SOUNDSCAPE_PYPAM/Raw/NEFSC_DE/NEFSC_DE_202301_DB01/NC/NEFSC_DE_202301_DB01_20230220.nc"
30.6,90.4,"2023-02-21T00:07:23Z","2023-02-21T07:50:21Z","2","Fish chorus","//nefscdata/PassiveAcoustics/DETECTOR_OUTPUT/PYTHON_SOUNDSCAPE_PYPAM/Raw/NEFSC_DE/NEFSC_DE_202301_DB01/NC/NEFSC_DE_202301_DB01_20230221.nc"
30.6,107.3,"2023-02-21T13:16:54Z","2023-02-22T00:00:00Z","2","Fish chorus","//nefscdata/PassiveAcoustics/DETECTOR_OUTPUT/PYTHON_SOUNDSCAPE_PYPAM/Raw/NEFSC_DE/NEFSC_DE_202301_DB01/NC/NEFSC_DE_202301_DB01_20230221.nc"
30.6,113.6,"2023-02-22T00:00:00Z","2023-02-23T00:00:00Z","2","Fish chorus","//nefscdata/PassiveAcoustics/DETECTOR_OUTPUT/PYTHON_SOUNDSCAPE_PYPAM/Raw/NEFSC_DE/NEFSC_DE_202301_DB01/NC/NEFSC_DE_202301_DB01_20230222.nc"
5059.8,18050.8,"2023-02-22T07:01:17Z","2023-02-22T11:09:37Z","2","Dolphin","//nefscdata/PassiveAcoustics/DETECTOR_OUTPUT/PYTHON_SOUNDSCAPE_PYPAM/Raw/NEFSC_DE/NEFSC_DE_202301_DB01/NC/NEFSC_DE_202301_DB01_20230222.nc"
28.4,111.4,"2023-02-23T02:35:31Z","2023-02-23T23:58:33Z","2","Dolphin","//nefscdata/PassiveAcoustics/DETECTOR_OUTPUT/PYTHON_SOUNDSCAPE_PYPAM/Raw/NEFSC_DE/NEFSC_DE_202301_DB01/NC/NEFSC_DE_202301_DB01_20230223.nc"
33.1,97.6,"2023-02-25T05:15:16Z","2023-02-25T13:00:00Z","2","Fish chorus","//nefscdata/PassiveAcoustics/DETECTOR_OUTPUT/PYTHON_SOUNDSCAPE_PYPAM/Raw/NEFSC_DE/NEFSC_DE_202301_DB01/NC/NEFSC_DE_202301_DB01_20230225.nc"
29,99.4,"2023-02-24T00:01:35Z","2023-02-25T00:00:00Z","2","Fish chorus","//nefscdata/PassiveAcoustics/DETECTOR_OUTPUT/PYTHON_SOUNDSCAPE_PYPAM/Raw/NEFSC_DE/NEFSC_DE_202301_DB01/NC/NEFSC_DE_202301_DB01_20230224.nc"
30.6,111.4,"2023-02-26T09:39:37Z","2023-02-26T23:50:48Z","2","Fish chorus","//nefscdata/PassiveAcoustics/DETECTOR_OUTPUT/PYTHON_SOUNDSCAPE_PYPAM/Raw/NEFSC_DE/NEFSC_DE_202301_DB01/NC/NEFSC_DE_202301_DB01_20230226.nc"
29.5,99.4,"2023-02-27T00:00:00Z","2023-02-27T05:34:09Z","2","Fish chorus","//nefscdata/PassiveAcoustics/DETECTOR_OUTPUT/PYTHON_SOUNDSCAPE_PYPAM/Raw/NEFSC_DE/NEFSC_DE_202301_DB01/NC/NEFSC_DE_202301_DB01_20230227.nc"
27.3,113.6,"2023-02-28T03:37:58Z","2023-02-28T23:57:06Z","2","Fish chorus","//nefscdata/PassiveAcoustics/DETECTOR_OUTPUT/PYTHON_SOUNDSCAPE_PYPAM/Raw/NEFSC_DE/NEFSC_DE_202301_DB01/NC/NEFSC_DE_202301_DB01_20230228.nc"
28.4,101.3,"2023-03-01T00:01:35Z","2023-03-02T00:00:00Z","2","Fish chorus","//nefscdata/PassiveAcoustics/DETECTOR_OUTPUT/PYTHON_SOUNDSCAPE_PYPAM/Raw/NEFSC_DE/NEFSC_DE_202301_DB01/NC/NEFSC_DE_202301_DB01_20230301.nc"
25.3,103.3,"2023-03-02T00:01:35Z","2023-03-03T00:00:00Z","2","Fish chorus","//nefscdata/PassiveAcoustics/DETECTOR_OUTPUT/PYTHON_SOUNDSCAPE_PYPAM/Raw/NEFSC_DE/NEFSC_DE_202301_DB01/NC/NEFSC_DE_202301_DB01_20230302.nc"
27.9,95.7,"2023-03-03T00:00:00Z","2023-03-03T17:38:50Z","2","Fish chorus","//nefscdata/PassiveAcoustics/DETECTOR_OUTPUT/PYTHON_SOUNDSCAPE_PYPAM/Raw/NEFSC_DE/NEFSC_DE_202301_DB01/NC/NEFSC_DE_202301_DB01_20230303.nc"
25.8,101.3,"2023-03-04T00:49:30Z","2023-03-04T20:04:04Z","2","Fish chorus","//nefscdata/PassiveAcoustics/DETECTOR_OUTPUT/PYTHON_SOUNDSCAPE_PYPAM/Raw/NEFSC_DE/NEFSC_DE_202301_DB01/NC/NEFSC_DE_202301_DB01_20230304.nc"
29.5,97.6,"2023-03-05T11:34:19Z","2023-03-05T22:17:40Z","2","Fish chorus","//nefscdata/PassiveAcoustics/DETECTOR_OUTPUT/PYTHON_SOUNDSCAPE_PYPAM/Raw/NEFSC_DE/NEFSC_DE_202301_DB01/NC/NEFSC_DE_202301_DB01_20230305.nc"
30.6,103.3,"2023-03-06T00:00:00Z","2023-03-06T07:06:49Z","2","Fish chorus","//nefscdata/PassiveAcoustics/DETECTOR_OUTPUT/PYTHON_SOUNDSCAPE_PYPAM/Raw/NEFSC_DE/NEFSC_DE_202301_DB01/NC/NEFSC_DE_202301_DB01_20230306.nc"
27.9,109.3,"2023-03-06T14:10:36Z","2023-03-06T20:07:37Z","2","Fish chorus","//nefscdata/PassiveAcoustics/DETECTOR_OUTPUT/PYTHON_SOUNDSCAPE_PYPAM/Raw/NEFSC_DE/NEFSC_DE_202301_DB01/NC/NEFSC_DE_202301_DB01_20230306.nc"
28.4,60.7,"2023-03-07T13:14:57Z","2023-03-08T00:00:00Z","2","Fish chorus","//nefscdata/PassiveAcoustics/DETECTOR_OUTPUT/PYTHON_SOUNDSCAPE_PYPAM/Raw/NEFSC_DE/NEFSC_DE_202301_DB01/NC/NEFSC_DE_202301_DB01_20230307.nc"
26.8,97.6,"2023-03-08T02:44:14Z","2023-03-08T22:27:50Z","2","Fish chorus","//nefscdata/PassiveAcoustics/DETECTOR_OUTPUT/PYTHON_SOUNDSCAPE_PYPAM/Raw/NEFSC_DE/NEFSC_DE_202301_DB01/NC/NEFSC_DE_202301_DB01_20230308.nc"
28.4,88.7,"2023-03-09T01:49:03Z","2023-03-09T21:09:25Z","2","Fish chorus","//nefscdata/PassiveAcoustics/DETECTOR_OUTPUT/PYTHON_SOUNDSCAPE_PYPAM/Raw/NEFSC_DE/NEFSC_DE_202301_DB01/NC/NEFSC_DE_202301_DB01_20230309.nc"
26.8,99.4,"2023-03-10T01:11:17Z","2023-03-11T00:00:00Z","2","Fish chorus","//nefscdata/PassiveAcoustics/DETECTOR_OUTPUT/PYTHON_SOUNDSCAPE_PYPAM/Raw/NEFSC_DE/NEFSC_DE_202301_DB01/NC/NEFSC_DE_202301_DB01_20230310.nc"
27.3,103.3,"2023-03-11T00:05:56Z","2023-03-12T00:00:00Z","2","Fish chorus","//nefscdata/PassiveAcoustics/DETECTOR_OUTPUT/PYTHON_SOUNDSCAPE_PYPAM/Raw/NEFSC_DE/NEFSC_DE_202301_DB01/NC/NEFSC_DE_202301_DB01_20230311.nc"
28.4,90.4,"2023-03-12T00:00:08Z","2023-03-13T00:00:00Z","2","Fish chorus","//nefscdata/PassiveAcoustics/DETECTOR_OUTPUT/PYTHON_SOUNDSCAPE_PYPAM/Raw/NEFSC_DE/NEFSC_DE_202301_DB01/NC/NEFSC_DE_202301_DB01_20230312.nc"
28.4,93.9,"2023-03-13T00:00:00Z","2023-03-14T00:00:00Z","2","Fish chorus","//nefscdata/PassiveAcoustics/DETECTOR_OUTPUT/PYTHON_SOUNDSCAPE_PYPAM/Raw/NEFSC_DE/NEFSC_DE_202301_DB01/NC/NEFSC_DE_202301_DB01_20230313.nc"
29,97.6,"2023-03-14T00:01:35Z","2023-03-15T00:00:00Z","2","Fish chorus","//nefscdata/PassiveAcoustics/DETECTOR_OUTPUT/PYTHON_SOUNDSCAPE_PYPAM/Raw/NEFSC_DE/NEFSC_DE_202301_DB01/NC/NEFSC_DE_202301_DB01_20230314.nc"
28.4,92.2,"2023-03-15T00:00:00Z","2023-03-15T04:15:44Z","2","Fish chorus","//nefscdata/PassiveAcoustics/DETECTOR_OUTPUT/PYTHON_SOUNDSCAPE_PYPAM/Raw/NEFSC_DE/NEFSC_DE_202301_DB01/NC/NEFSC_DE_202301_DB01_20230315.nc"
29,93.9,"2023-03-15T07:20:10Z","2023-03-15T16:42:12Z","2","Fish chorus","//nefscdata/PassiveAcoustics/DETECTOR_OUTPUT/PYTHON_SOUNDSCAPE_PYPAM/Raw/NEFSC_DE/NEFSC_DE_202301_DB01/NC/NEFSC_DE_202301_DB01_20230315.nc"
29.5,92.2,"2023-03-17T11:26:36Z","2023-03-18T00:00:00Z","2","Fish chorus","//nefscdata/PassiveAcoustics/DETECTOR_OUTPUT/PYTHON_SOUNDSCAPE_PYPAM/Raw/NEFSC_DE/NEFSC_DE_202301_DB01/NC/NEFSC_DE_202301_DB01_20230317.nc"
30.6,92.2,"2023-03-18T00:00:00Z","2023-03-18T15:19:25Z","2","Fish chorus","//nefscdata/PassiveAcoustics/DETECTOR_OUTPUT/PYTHON_SOUNDSCAPE_PYPAM/Raw/NEFSC_DE/NEFSC_DE_202301_DB01/NC/NEFSC_DE_202301_DB01_20230318.nc"
30.1,103.3,"2023-03-18T20:44:43Z","2023-03-19T00:00:00Z","2","Fish chorus","//nefscdata/PassiveAcoustics/DETECTOR_OUTPUT/PYTHON_SOUNDSCAPE_PYPAM/Raw/NEFSC_DE/NEFSC_DE_202301_DB01/NC/NEFSC_DE_202301_DB01_20230318.nc"
27.3,105.3,"2023-03-19T00:00:00Z","2023-03-19T13:59:32Z","2","Fish chorus","//nefscdata/PassiveAcoustics/DETECTOR_OUTPUT/PYTHON_SOUNDSCAPE_PYPAM/Raw/NEFSC_DE/NEFSC_DE_202301_DB01/NC/NEFSC_DE_202301_DB01_20230319.nc"
31.2,95.7,"2023-03-20T05:29:48Z","2023-03-20T18:54:21Z","2","Fish chorus","//nefscdata/PassiveAcoustics/DETECTOR_OUTPUT/PYTHON_SOUNDSCAPE_PYPAM/Raw/NEFSC_DE/NEFSC_DE_202301_DB01/NC/NEFSC_DE_202301_DB01_20230320.nc"
40,97.6,"2023-03-22T12:51:17Z","2023-03-22T20:04:04Z","2","Fish chorus","//nefscdata/PassiveAcoustics/DETECTOR_OUTPUT/PYTHON_SOUNDSCAPE_PYPAM/Raw/NEFSC_DE/NEFSC_DE_202301_DB01/NC/NEFSC_DE_202301_DB01_20230322.nc"
33.7,92.2,"2023-03-23T00:05:56Z","2023-03-24T00:00:00Z","2","Fish chorus","//nefscdata/PassiveAcoustics/DETECTOR_OUTPUT/PYTHON_SOUNDSCAPE_PYPAM/Raw/NEFSC_DE/NEFSC_DE_202301_DB01/NC/NEFSC_DE_202301_DB01_20230323.nc"
29.5,107.3,"2023-03-24T02:34:04Z","2023-03-24T22:46:43Z","2","Fish chorus","//nefscdata/PassiveAcoustics/DETECTOR_OUTPUT/PYTHON_SOUNDSCAPE_PYPAM/Raw/NEFSC_DE/NEFSC_DE_202301_DB01/NC/NEFSC_DE_202301_DB01_20230324.nc"
35,88.7,"2023-03-25T00:00:00Z","2023-03-25T05:29:48Z","2","Fish chorus","//nefscdata/PassiveAcoustics/DETECTOR_OUTPUT/PYTHON_SOUNDSCAPE_PYPAM/Raw/NEFSC_DE/NEFSC_DE_202301_DB01/NC/NEFSC_DE_202301_DB01_20230325.nc"
30.6,107.3,"2023-03-25T16:52:22Z","2023-03-26T00:00:00Z","2","Fish chorus","//nefscdata/PassiveAcoustics/DETECTOR_OUTPUT/PYTHON_SOUNDSCAPE_PYPAM/Raw/NEFSC_DE/NEFSC_DE_202301_DB01/NC/NEFSC_DE_202301_DB01_20230325.nc"
10811.9,22668.7,"2023-03-25T00:00:00Z","2023-03-25T05:57:23Z","2","Dolphin","//nefscdata/PassiveAcoustics/DETECTOR_OUTPUT/PYTHON_SOUNDSCAPE_PYPAM/Raw/NEFSC_DE/NEFSC_DE_202301_DB01/NC/NEFSC_DE_202301_DB01_20230325.nc"
28.4,113.6,"2023-03-26T00:00:00Z","2023-03-27T00:00:00Z","2","Fish chorus","//nefscdata/PassiveAcoustics/DETECTOR_OUTPUT/PYTHON_SOUNDSCAPE_PYPAM/Raw/NEFSC_DE/NEFSC_DE_202301_DB01/NC/NEFSC_DE_202301_DB01_20230326.nc"
30.1,88.7,"2023-03-27T00:00:00Z","2023-03-27T12:54:11Z","2","Fish chorus","//nefscdata/PassiveAcoustics/DETECTOR_OUTPUT/PYTHON_SOUNDSCAPE_PYPAM/Raw/NEFSC_DE/NEFSC_DE_202301_DB01/NC/NEFSC_DE_202301_DB01_20230327.nc"
29,97.6,"2023-03-28T05:42:37Z","2023-03-29T00:00:00Z","2","Fish chorus","//nefscdata/PassiveAcoustics/DETECTOR_OUTPUT/PYTHON_SOUNDSCAPE_PYPAM/Raw/NEFSC_DE/NEFSC_DE_202301_DB01/NC/NEFSC_DE_202301_DB01_20230328.nc"
31.8,97.6,"2023-03-29T00:00:00Z","2023-03-29T23:59:20Z","2","Fish chorus","//nefscdata/PassiveAcoustics/DETECTOR_OUTPUT/PYTHON_SOUNDSCAPE_PYPAM/Raw/NEFSC_DE/NEFSC_DE_202301_DB01/NC/NEFSC_DE_202301_DB01_20230329.nc"
35.7,93.9,"2023-03-30T00:00:00Z","2023-03-30T02:48:28Z","2","Fish chorus","//nefscdata/PassiveAcoustics/DETECTOR_OUTPUT/PYTHON_SOUNDSCAPE_PYPAM/Raw/NEFSC_DE/NEFSC_DE_202301_DB01/NC/NEFSC_DE_202301_DB01_20230330.nc"
30.1,87.1,"2023-03-30T08:00:50Z","2023-03-30T12:16:26Z","2","Fish chorus","//nefscdata/PassiveAcoustics/DETECTOR_OUTPUT/PYTHON_SOUNDSCAPE_PYPAM/Raw/NEFSC_DE/NEFSC_DE_202301_DB01/NC/NEFSC_DE_202301_DB01_20230330.nc"
26.3,95.7,"2023-03-30T21:25:23Z","2023-03-31T00:00:00Z","2","Fish chorus","//nefscdata/PassiveAcoustics/DETECTOR_OUTPUT/PYTHON_SOUNDSCAPE_PYPAM/Raw/NEFSC_DE/NEFSC_DE_202301_DB01/NC/NEFSC_DE_202301_DB01_20230330.nc"
27.9,93.9,"2023-03-31T00:00:00Z","2023-03-31T03:22:27Z","2","Fish chorus","//nefscdata/PassiveAcoustics/DETECTOR_OUTPUT/PYTHON_SOUNDSCAPE_PYPAM/Raw/NEFSC_DE/NEFSC_DE_202301_DB01/NC/NEFSC_DE_202301_DB01_20230331.nc"
30.6,95.7,"2023-03-31T09:07:50Z","2023-03-31T11:58:21Z","2","Fish chorus","//nefscdata/PassiveAcoustics/DETECTOR_OUTPUT/PYTHON_SOUNDSCAPE_PYPAM/Raw/NEFSC_DE/NEFSC_DE_202301_DB01/NC/NEFSC_DE_202301_DB01_20230331.nc"
34.3,73.4,"2023-03-31T18:03:58Z","2023-04-01T00:00:00Z","2","Fish chorus","//nefscdata/PassiveAcoustics/DETECTOR_OUTPUT/PYTHON_SOUNDSCAPE_PYPAM/Raw/NEFSC_DE/NEFSC_DE_202301_DB01/NC/NEFSC_DE_202301_DB01_20230331.nc"
28.4,95.7,"2023-04-01T00:03:02Z","2023-04-02T00:00:00Z","2","Fish chorus","//nefscdata/PassiveAcoustics/DETECTOR_OUTPUT/PYTHON_SOUNDSCAPE_PYPAM/Raw/NEFSC_DE/NEFSC_DE_202301_DB01/NC/NEFSC_DE_202301_DB01_20230401.nc"
27.3,105.3,"2023-04-02T00:00:00Z","2023-04-02T19:06:40Z","2","Fish chorus","//nefscdata/PassiveAcoustics/DETECTOR_OUTPUT/PYTHON_SOUNDSCAPE_PYPAM/Raw/NEFSC_DE/NEFSC_DE_202301_DB01/NC/NEFSC_DE_202301_DB01_20230402.nc"
33.1,95.7,"2023-04-03T00:00:00Z","2023-04-03T06:48:13Z","2","Fish chorus","//nefscdata/PassiveAcoustics/DETECTOR_OUTPUT/PYTHON_SOUNDSCAPE_PYPAM/Raw/NEFSC_DE/NEFSC_DE_202301_DB01/NC/NEFSC_DE_202301_DB01_20230403.nc"
29.5,95.7,"2023-04-03T11:24:09Z","2023-04-03T17:35:56Z","2","Fish chorus","//nefscdata/PassiveAcoustics/DETECTOR_OUTPUT/PYTHON_SOUNDSCAPE_PYPAM/Raw/NEFSC_DE/NEFSC_DE_202301_DB01/NC/NEFSC_DE_202301_DB01_20230403.nc"
27.3,99.4,"2023-04-03T22:13:19Z","2023-04-04T00:00:00Z","2","Fish chorus","//nefscdata/PassiveAcoustics/DETECTOR_OUTPUT/PYTHON_SOUNDSCAPE_PYPAM/Raw/NEFSC_DE/NEFSC_DE_202301_DB01/NC/NEFSC_DE_202301_DB01_20230403.nc"
33.7,92.2,"2023-04-04T00:00:00Z","2023-04-04T18:50:00Z","2","Fish chorus","//nefscdata/PassiveAcoustics/DETECTOR_OUTPUT/PYTHON_SOUNDSCAPE_PYPAM/Raw/NEFSC_DE/NEFSC_DE_202301_DB01/NC/NEFSC_DE_202301_DB01_20230404.nc"
32.4,93.9,"2023-04-05T05:00:43Z","2023-04-06T00:00:00Z","2","Fish chorus","//nefscdata/PassiveAcoustics/DETECTOR_OUTPUT/PYTHON_SOUNDSCAPE_PYPAM/Raw/NEFSC_DE/NEFSC_DE_202301_DB01/NC/NEFSC_DE_202301_DB01_20230405.nc"
33.7,90.4,"2023-04-06T00:00:00Z","2023-04-07T00:00:00Z","2","Fish chorus","//nefscdata/PassiveAcoustics/DETECTOR_OUTPUT/PYTHON_SOUNDSCAPE_PYPAM/Raw/NEFSC_DE/NEFSC_DE_202301_DB01/NC/NEFSC_DE_202301_DB01_20230406.nc"
36.4,74.8,"2023-04-07T00:00:00Z","2023-04-07T11:27:03Z","2","Fish chorus","//nefscdata/PassiveAcoustics/DETECTOR_OUTPUT/PYTHON_SOUNDSCAPE_PYPAM/Raw/NEFSC_DE/NEFSC_DE_202301_DB01/NC/NEFSC_DE_202301_DB01_20230407.nc"
38.5,93.9,"2023-04-07T18:15:08Z","2023-04-07T21:38:27Z","2","Fish chorus","//nefscdata/PassiveAcoustics/DETECTOR_OUTPUT/PYTHON_SOUNDSCAPE_PYPAM/Raw/NEFSC_DE/NEFSC_DE_202301_DB01/NC/NEFSC_DE_202301_DB01_20230407.nc"
12348.4,21824.2,"2023-04-07T02:44:14Z","2023-04-07T06:03:12Z","2","Dolphin","//nefscdata/PassiveAcoustics/DETECTOR_OUTPUT/PYTHON_SOUNDSCAPE_PYPAM/Raw/NEFSC_DE/NEFSC_DE_202301_DB01/NC/NEFSC_DE_202301_DB01_20230407.nc"
26.3,109.3,"2023-04-08T15:43:29Z","2023-04-08T22:38:34Z","2","Fish chorus","//nefscdata/PassiveAcoustics/DETECTOR_OUTPUT/PYTHON_SOUNDSCAPE_PYPAM/Raw/NEFSC_DE/NEFSC_DE_202301_DB01/NC/NEFSC_DE_202301_DB01_20230408.nc"
31.2,90.4,"2023-04-09T15:05:45Z","2023-04-09T23:58:33Z","2","Fish chorus","//nefscdata/PassiveAcoustics/DETECTOR_OUTPUT/PYTHON_SOUNDSCAPE_PYPAM/Raw/NEFSC_DE/NEFSC_DE_202301_DB01/NC/NEFSC_DE_202301_DB01_20230409.nc"
24.9,97.6,"2023-04-10T00:00:00Z","2023-04-11T00:00:00Z","2","Fish chorus","//nefscdata/PassiveAcoustics/DETECTOR_OUTPUT/PYTHON_SOUNDSCAPE_PYPAM/Raw/NEFSC_DE/NEFSC_DE_202301_DB01/NC/NEFSC_DE_202301_DB01_20230410.nc"
26.3,95.7,"2023-04-11T00:00:00Z","2023-04-12T00:00:00Z","2","Fish chorus","//nefscdata/PassiveAcoustics/DETECTOR_OUTPUT/PYTHON_SOUNDSCAPE_PYPAM/Raw/NEFSC_DE/NEFSC_DE_202301_DB01/NC/NEFSC_DE_202301_DB01_20230411.nc"
31.8,92.2,"2023-04-12T01:16:43Z","2023-04-12T15:49:35Z","2","Fish chorus","//nefscdata/PassiveAcoustics/DETECTOR_OUTPUT/PYTHON_SOUNDSCAPE_PYPAM/Raw/NEFSC_DE/NEFSC_DE_202301_DB01/NC/NEFSC_DE_202301_DB01_20230412.nc"
35.7,88.7,"2023-04-12T16:09:48Z","2023-04-13T00:00:00Z","2","Fish chorus","//nefscdata/PassiveAcoustics/DETECTOR_OUTPUT/PYTHON_SOUNDSCAPE_PYPAM/Raw/NEFSC_DE/NEFSC_DE_202301_DB01/NC/NEFSC_DE_202301_DB01_20230412.nc"
35.7,83.8,"2023-04-13T00:01:35Z","2023-04-13T11:18:20Z","2","Fish chorus","//nefscdata/PassiveAcoustics/DETECTOR_OUTPUT/PYTHON_SOUNDSCAPE_PYPAM/Raw/NEFSC_DE/NEFSC_DE_202301_DB01/NC/NEFSC_DE_202301_DB01_20230413.nc"
30.6,103.3,"2023-04-13T21:05:03Z","2023-04-14T00:00:00Z","2","Fish chorus","//nefscdata/PassiveAcoustics/DETECTOR_OUTPUT/PYTHON_SOUNDSCAPE_PYPAM/Raw/NEFSC_DE/NEFSC_DE_202301_DB01/NC/NEFSC_DE_202301_DB01_20230413.nc"
35.7,95.7,"2023-04-14T00:00:00Z","2023-04-14T02:06:29Z","2","Fish chorus","//nefscdata/PassiveAcoustics/DETECTOR_OUTPUT/PYTHON_SOUNDSCAPE_PYPAM/Raw/NEFSC_DE/NEFSC_DE_202301_DB01/NC/NEFSC_DE_202301_DB01_20230414.nc"
38.5,92.2,"2023-04-14T12:35:19Z","2023-04-14T15:32:29Z","2","Fish chorus","//nefscdata/PassiveAcoustics/DETECTOR_OUTPUT/PYTHON_SOUNDSCAPE_PYPAM/Raw/NEFSC_DE/NEFSC_DE_202301_DB01/NC/NEFSC_DE_202301_DB01_20230414.nc"
35.7,93.9,"2023-04-14T21:31:12Z","2023-04-14T23:09:57Z","2","Fish chorus","//nefscdata/PassiveAcoustics/DETECTOR_OUTPUT/PYTHON_SOUNDSCAPE_PYPAM/Raw/NEFSC_DE/NEFSC_DE_202301_DB01/NC/NEFSC_DE_202301_DB01_20230414.nc"
29,90.4,"2023-04-15T15:25:13Z","2023-04-16T00:00:00Z","2","Fish chorus","//nefscdata/PassiveAcoustics/DETECTOR_OUTPUT/PYTHON_SOUNDSCAPE_PYPAM/Raw/NEFSC_DE/NEFSC_DE_202301_DB01/NC/NEFSC_DE_202301_DB01_20230415.nc"
26.3,103.3,"2023-04-16T00:00:00Z","2023-04-16T02:36:58Z","2","Fish chorus","//nefscdata/PassiveAcoustics/DETECTOR_OUTPUT/PYTHON_SOUNDSCAPE_PYPAM/Raw/NEFSC_DE/NEFSC_DE_202301_DB01/NC/NEFSC_DE_202301_DB01_20230416.nc"
30.6,107.3,"2023-04-16T04:02:39Z","2023-04-16T14:05:21Z","2","Fish chorus","//nefscdata/PassiveAcoustics/DETECTOR_OUTPUT/PYTHON_SOUNDSCAPE_PYPAM/Raw/NEFSC_DE/NEFSC_DE_202301_DB01/NC/NEFSC_DE_202301_DB01_20230416.nc"
29,85.4,"2023-04-16T15:12:09Z","2023-04-17T00:00:00Z","2","Fish chorus","//nefscdata/PassiveAcoustics/DETECTOR_OUTPUT/PYTHON_SOUNDSCAPE_PYPAM/Raw/NEFSC_DE/NEFSC_DE_202301_DB01/NC/NEFSC_DE_202301_DB01_20230416.nc"
27.3,95.7,"2023-04-17T00:00:00Z","2023-04-17T04:24:27Z","2","Fish chorus","//nefscdata/PassiveAcoustics/DETECTOR_OUTPUT/PYTHON_SOUNDSCAPE_PYPAM/Raw/NEFSC_DE/NEFSC_DE_202301_DB01/NC/NEFSC_DE_202301_DB01_20230417.nc"
31.2,87.1,"2023-04-17T06:36:36Z","2023-04-17T23:57:06Z","2","Fish chorus","//nefscdata/PassiveAcoustics/DETECTOR_OUTPUT/PYTHON_SOUNDSCAPE_PYPAM/Raw/NEFSC_DE/NEFSC_DE_202301_DB01/NC/NEFSC_DE_202301_DB01_20230417.nc"
30.1,97.6,"2023-04-18T00:00:00Z","2023-04-18T05:15:04Z","2","Fish chorus","//nefscdata/PassiveAcoustics/DETECTOR_OUTPUT/PYTHON_SOUNDSCAPE_PYPAM/Raw/NEFSC_DE/NEFSC_DE_202301_DB01/NC/NEFSC_DE_202301_DB01_20230418.nc"
27.9,88.7,"2023-04-18T09:47:55Z","2023-04-18T14:41:05Z","2","Fish chorus","//nefscdata/PassiveAcoustics/DETECTOR_OUTPUT/PYTHON_SOUNDSCAPE_PYPAM/Raw/NEFSC_DE/NEFSC_DE_202301_DB01/NC/NEFSC_DE_202301_DB01_20230418.nc"
35,83.8,"2023-04-18T22:06:38Z","2023-04-19T00:00:00Z","2","Fish chorus","//nefscdata/PassiveAcoustics/DETECTOR_OUTPUT/PYTHON_SOUNDSCAPE_PYPAM/Raw/NEFSC_DE/NEFSC_DE_202301_DB01/NC/NEFSC_DE_202301_DB01_20230418.nc"
35.7,95.7,"2023-04-19T00:00:08Z","2023-04-19T10:52:12Z","2","Fish chorus","//nefscdata/PassiveAcoustics/DETECTOR_OUTPUT/PYTHON_SOUNDSCAPE_PYPAM/Raw/NEFSC_DE/NEFSC_DE_202301_DB01/NC/NEFSC_DE_202301_DB01_20230419.nc"
29.5,97.6,"2023-04-19T12:44:01Z","2023-04-19T16:02:59Z","2","Fish chorus","//nefscdata/PassiveAcoustics/DETECTOR_OUTPUT/PYTHON_SOUNDSCAPE_PYPAM/Raw/NEFSC_DE/NEFSC_DE_202301_DB01/NC/NEFSC_DE_202301_DB01_20230419.nc"
33.1,83.8,"2023-04-19T17:14:09Z","2023-04-19T19:20:29Z","2","Fish chorus","//nefscdata/PassiveAcoustics/DETECTOR_OUTPUT/PYTHON_SOUNDSCAPE_PYPAM/Raw/NEFSC_DE/NEFSC_DE_202301_DB01/NC/NEFSC_DE_202301_DB01_20230419.nc"
30.6,103.3,"2023-04-20T03:17:38Z","2023-04-20T07:49:13Z","2","Fish chorus","//nefscdata/PassiveAcoustics/DETECTOR_OUTPUT/PYTHON_SOUNDSCAPE_PYPAM/Raw/NEFSC_DE/NEFSC_DE_202301_DB01/NC/NEFSC_DE_202301_DB01_20230420.nc"
29,95.7,"2023-04-20T10:50:45Z","2023-04-20T21:13:46Z","2","Fish chorus","//nefscdata/PassiveAcoustics/DETECTOR_OUTPUT/PYTHON_SOUNDSCAPE_PYPAM/Raw/NEFSC_DE/NEFSC_DE_202301_DB01/NC/NEFSC_DE_202301_DB01_20230420.nc"
29.5,92.2,"2023-04-21T00:04:29Z","2023-04-21T08:41:30Z","2","Fish chorus","//nefscdata/PassiveAcoustics/DETECTOR_OUTPUT/PYTHON_SOUNDSCAPE_PYPAM/Raw/NEFSC_DE/NEFSC_DE_202301_DB01/NC/NEFSC_DE_202301_DB01_20230421.nc"
28.4,95.7,"2023-04-21T14:27:08Z","2023-04-21T20:12:46Z","2","Fish chorus","//nefscdata/PassiveAcoustics/DETECTOR_OUTPUT/PYTHON_SOUNDSCAPE_PYPAM/Raw/NEFSC_DE/NEFSC_DE_202301_DB01/NC/NEFSC_DE_202301_DB01_20230421.nc"
31.2,97.6,"2023-04-22T01:30:10Z","2023-04-22T08:37:08Z","2","Fish chorus","//nefscdata/PassiveAcoustics/DETECTOR_OUTPUT/PYTHON_SOUNDSCAPE_PYPAM/Raw/NEFSC_DE/NEFSC_DE_202301_DB01/NC/NEFSC_DE_202301_DB01_20230422.nc"
27.9,88.7,"2023-04-22T13:26:08Z","2023-04-22T17:30:07Z","2","Fish chorus","//nefscdata/PassiveAcoustics/DETECTOR_OUTPUT/PYTHON_SOUNDSCAPE_PYPAM/Raw/NEFSC_DE/NEFSC_DE_202301_DB01/NC/NEFSC_DE_202301_DB01_20230422.nc"
29,92.2,"2023-04-23T02:28:59Z","2023-04-23T12:30:09Z","2","Fish chorus","//nefscdata/PassiveAcoustics/DETECTOR_OUTPUT/PYTHON_SOUNDSCAPE_PYPAM/Raw/NEFSC_DE/NEFSC_DE_202301_DB01/NC/NEFSC_DE_202301_DB01_20230423.nc"
27.9,115.7,"2023-04-23T12:48:56Z","2023-04-23T22:22:39Z","2","Fish chorus","//nefscdata/PassiveAcoustics/DETECTOR_OUTPUT/PYTHON_SOUNDSCAPE_PYPAM/Raw/NEFSC_DE/NEFSC_DE_202301_DB01/NC/NEFSC_DE_202301_DB01_20230423.nc"
10608.6,22668.7,"2023-04-23T02:17:25Z","2023-04-23T09:52:38Z","2","Dolphin","//nefscdata/PassiveAcoustics/DETECTOR_OUTPUT/PYTHON_SOUNDSCAPE_PYPAM/Raw/NEFSC_DE/NEFSC_DE_202301_DB01/NC/NEFSC_DE_202301_DB01_20230423.nc"
30.1,92.2,"2023-04-24T01:24:22Z","2023-04-24T10:56:33Z","2","Fish chorus","//nefscdata/PassiveAcoustics/DETECTOR_OUTPUT/PYTHON_SOUNDSCAPE_PYPAM/Raw/NEFSC_DE/NEFSC_DE_202301_DB01/NC/NEFSC_DE_202301_DB01_20230424.nc"
30.6,97.6,"2023-04-24T16:29:07Z","2023-04-24T22:48:10Z","2","Fish chorus","//nefscdata/PassiveAcoustics/DETECTOR_OUTPUT/PYTHON_SOUNDSCAPE_PYPAM/Raw/NEFSC_DE/NEFSC_DE_202301_DB01/NC/NEFSC_DE_202301_DB01_20230424.nc"
27.9,105.3,"2023-04-25T02:06:29Z","2023-04-26T00:00:00Z","2","Fish chorus","//nefscdata/PassiveAcoustics/DETECTOR_OUTPUT/PYTHON_SOUNDSCAPE_PYPAM/Raw/NEFSC_DE/NEFSC_DE_202301_DB01/NC/NEFSC_DE_202301_DB01_20230425.nc"
24.4,103.3,"2023-04-26T04:41:52Z","2023-04-27T00:00:00Z","2","Fish chorus","//nefscdata/PassiveAcoustics/DETECTOR_OUTPUT/PYTHON_SOUNDSCAPE_PYPAM/Raw/NEFSC_DE/NEFSC_DE_202301_DB01/NC/NEFSC_DE_202301_DB01_20230426.nc"
28.4,92.2,"2023-04-27T00:01:35Z","2023-04-27T14:12:37Z","2","Fish chorus","//nefscdata/PassiveAcoustics/DETECTOR_OUTPUT/PYTHON_SOUNDSCAPE_PYPAM/Raw/NEFSC_DE/NEFSC_DE_202301_DB01/NC/NEFSC_DE_202301_DB01_20230427.nc"
23.1,101.3,"2023-04-27T17:19:57Z","2023-04-28T00:00:00Z","2","Fish chorus","//nefscdata/PassiveAcoustics/DETECTOR_OUTPUT/PYTHON_SOUNDSCAPE_PYPAM/Raw/NEFSC_DE/NEFSC_DE_202301_DB01/NC/NEFSC_DE_202301_DB01_20230427.nc"
27.9,99.4,"2023-04-28T07:07:06Z","2023-04-29T00:00:00Z","2","Fish chorus","//nefscdata/PassiveAcoustics/DETECTOR_OUTPUT/PYTHON_SOUNDSCAPE_PYPAM/Raw/NEFSC_DE/NEFSC_DE_202301_DB01/NC/NEFSC_DE_202301_DB01_20230428.nc"
27.3,111.4,"2023-04-29T00:03:02Z","2023-04-30T00:00:00Z","2","Fish chorus","//nefscdata/PassiveAcoustics/DETECTOR_OUTPUT/PYTHON_SOUNDSCAPE_PYPAM/Raw/NEFSC_DE/NEFSC_DE_202301_DB01/NC/NEFSC_DE_202301_DB01_20230429.nc"
30.6,92.2,"2023-04-30T00:00:00Z","2023-05-01T00:00:00Z","2","Fish chorus","//nefscdata/PassiveAcoustics/DETECTOR_OUTPUT/PYTHON_SOUNDSCAPE_PYPAM/Raw/NEFSC_DE/NEFSC_DE_202301_DB01/NC/NEFSC_DE_202301_DB01_20230430.nc"
179.1,1391.6,"2023-04-30T00:00:00Z","2023-04-30T06:20:37Z","2","Fish chorus","//nefscdata/PassiveAcoustics/DETECTOR_OUTPUT/PYTHON_SOUNDSCAPE_PYPAM/Raw/NEFSC_DE/NEFSC_DE_202301_DB01/NC/NEFSC_DE_202301_DB01_20230430.nc"
26.3,107.3,"2023-05-01T00:00:00Z","2023-05-02T00:00:00Z","2","Fish chorus","//nefscdata/PassiveAcoustics/DETECTOR_OUTPUT/PYTHON_SOUNDSCAPE_PYPAM/Raw/NEFSC_DE/NEFSC_DE_202301_DB01/NC/NEFSC_DE_202301_DB01_20230501.nc"
304.8,1619.8,"2023-05-01T00:26:16Z","2023-05-01T01:47:36Z","2","Fish chorus","//nefscdata/PassiveAcoustics/DETECTOR_OUTPUT/PYTHON_SOUNDSCAPE_PYPAM/Raw/NEFSC_DE/NEFSC_DE_202301_DB01/NC/NEFSC_DE_202301_DB01_20230501.nc"
25.8,105.3,"2023-05-02T00:00:08Z","2023-05-03T00:00:00Z","2","Fish chorus","//nefscdata/PassiveAcoustics/DETECTOR_OUTPUT/PYTHON_SOUNDSCAPE_PYPAM/Raw/NEFSC_DE/NEFSC_DE_202301_DB01/NC/NEFSC_DE_202301_DB01_20230502.nc"
261.8,1365.4,"2023-05-02T00:00:08Z","2023-05-02T03:12:20Z","2","Fish chorus","//nefscdata/PassiveAcoustics/DETECTOR_OUTPUT/PYTHON_SOUNDSCAPE_PYPAM/Raw/NEFSC_DE/NEFSC_DE_202301_DB01/NC/NEFSC_DE_202301_DB01_20230502.nc"
31.2,97.6,"2023-05-03T00:00:00Z","2023-05-04T00:00:00Z","2","Fish chorus","//nefscdata/PassiveAcoustics/DETECTOR_OUTPUT/PYTHON_SOUNDSCAPE_PYPAM/Raw/NEFSC_DE/NEFSC_DE_202301_DB01/NC/NEFSC_DE_202301_DB01_20230503.nc"
151,1007.8,"2023-05-03T00:00:00Z","2023-05-03T05:51:35Z","2","Fish chorus","//nefscdata/PassiveAcoustics/DETECTOR_OUTPUT/PYTHON_SOUNDSCAPE_PYPAM/Raw/NEFSC_DE/NEFSC_DE_202301_DB01/NC/NEFSC_DE_202301_DB01_20230503.nc"
26.8,101.3,"2023-05-04T00:00:08Z","2023-05-04T06:36:36Z","2","Fish chorus","//nefscdata/PassiveAcoustics/DETECTOR_OUTPUT/PYTHON_SOUNDSCAPE_PYPAM/Raw/NEFSC_DE/NEFSC_DE_202301_DB01/NC/NEFSC_DE_202301_DB01_20230504.nc"
29.5,107.3,"2023-05-04T12:38:13Z","2023-05-04T18:15:08Z","2","Fish chorus","//nefscdata/PassiveAcoustics/DETECTOR_OUTPUT/PYTHON_SOUNDSCAPE_PYPAM/Raw/NEFSC_DE/NEFSC_DE_202301_DB01/NC/NEFSC_DE_202301_DB01_20230504.nc"
29.5,95.7,"2023-05-05T00:07:23Z","2023-05-05T06:59:50Z","2","Fish chorus","//nefscdata/PassiveAcoustics/DETECTOR_OUTPUT/PYTHON_SOUNDSCAPE_PYPAM/Raw/NEFSC_DE/NEFSC_DE_202301_DB01/NC/NEFSC_DE_202301_DB01_20230505.nc"
25.8,101.3,"2023-05-05T10:17:21Z","2023-05-06T00:00:00Z","2","Fish chorus","//nefscdata/PassiveAcoustics/DETECTOR_OUTPUT/PYTHON_SOUNDSCAPE_PYPAM/Raw/NEFSC_DE/NEFSC_DE_202301_DB01/NC/NEFSC_DE_202301_DB01_20230505.nc"
27.3,97.6,"2023-05-06T00:00:00Z","2023-05-07T00:00:00Z","2","Fish chorus","//nefscdata/PassiveAcoustics/DETECTOR_OUTPUT/PYTHON_SOUNDSCAPE_PYPAM/Raw/NEFSC_DE/NEFSC_DE_202301_DB01/NC/NEFSC_DE_202301_DB01_20230506.nc"
29,107.3,"2023-05-07T00:01:35Z","2023-05-07T23:54:11Z","2","Fish chorus","//nefscdata/PassiveAcoustics/DETECTOR_OUTPUT/PYTHON_SOUNDSCAPE_PYPAM/Raw/NEFSC_DE/NEFSC_DE_202301_DB01/NC/NEFSC_DE_202301_DB01_20230507.nc"
287.9,1087.3,"2023-05-08T00:01:35Z","2023-05-08T07:50:40Z","2","Fish chorus","//nefscdata/PassiveAcoustics/DETECTOR_OUTPUT/PYTHON_SOUNDSCAPE_PYPAM/Raw/NEFSC_DE/NEFSC_DE_202301_DB01/NC/NEFSC_DE_202301_DB01_20230508.nc"
25.8,99.4,"2023-05-08T00:00:00Z","2023-05-08T09:00:22Z","2","Fish chorus","//nefscdata/PassiveAcoustics/DETECTOR_OUTPUT/PYTHON_SOUNDSCAPE_PYPAM/Raw/NEFSC_DE/NEFSC_DE_202301_DB01/NC/NEFSC_DE_202301_DB01_20230508.nc"
25.8,97.6,"2023-05-08T15:49:55Z","2023-05-09T00:00:00Z","2","Fish chorus","//nefscdata/PassiveAcoustics/DETECTOR_OUTPUT/PYTHON_SOUNDSCAPE_PYPAM/Raw/NEFSC_DE/NEFSC_DE_202301_DB01/NC/NEFSC_DE_202301_DB01_20230508.nc"
19.4,103.3,"2023-05-09T00:07:23Z","2023-05-09T11:24:09Z","2","Fish chorus","//nefscdata/PassiveAcoustics/DETECTOR_OUTPUT/PYTHON_SOUNDSCAPE_PYPAM/Raw/NEFSC_DE/NEFSC_DE_202301_DB01/NC/NEFSC_DE_202301_DB01_20230509.nc"
24.4,105.3,"2023-05-09T15:45:33Z","2023-05-09T22:27:50Z","2","Fish chorus","//nefscdata/PassiveAcoustics/DETECTOR_OUTPUT/PYTHON_SOUNDSCAPE_PYPAM/Raw/NEFSC_DE/NEFSC_DE_202301_DB01/NC/NEFSC_DE_202301_DB01_20230509.nc"
129.7,1850,"2023-05-09T00:13:12Z","2023-05-09T06:48:13Z","2","Fish chorus","//nefscdata/PassiveAcoustics/DETECTOR_OUTPUT/PYTHON_SOUNDSCAPE_PYPAM/Raw/NEFSC_DE/NEFSC_DE_202301_DB01/NC/NEFSC_DE_202301_DB01_20230509.nc"
28.4,118,"2023-05-10T02:57:18Z","2023-05-10T10:10:05Z","2","Fish chorus","//nefscdata/PassiveAcoustics/DETECTOR_OUTPUT/PYTHON_SOUNDSCAPE_PYPAM/Raw/NEFSC_DE/NEFSC_DE_202301_DB01/NC/NEFSC_DE_202301_DB01_20230510.nc"
23.9,101.3,"2023-05-10T16:20:25Z","2023-05-11T00:00:00Z","2","Fish chorus","//nefscdata/PassiveAcoustics/DETECTOR_OUTPUT/PYTHON_SOUNDSCAPE_PYPAM/Raw/NEFSC_DE/NEFSC_DE_202301_DB01/NC/NEFSC_DE_202301_DB01_20230510.nc"
208.5,1958.5,"2023-05-10T00:17:33Z","2023-05-10T09:19:15Z","2","Fish chorus","//nefscdata/PassiveAcoustics/DETECTOR_OUTPUT/PYTHON_SOUNDSCAPE_PYPAM/Raw/NEFSC_DE/NEFSC_DE_202301_DB01/NC/NEFSC_DE_202301_DB01_20230510.nc"
252.1,2153.5,"2023-05-11T00:01:35Z","2023-05-11T08:50:12Z","2","Fish chorus","//nefscdata/PassiveAcoustics/DETECTOR_OUTPUT/PYTHON_SOUNDSCAPE_PYPAM/Raw/NEFSC_DE/NEFSC_DE_202301_DB01/NC/NEFSC_DE_202301_DB01_20230511.nc"
24.4,95.7,"2023-05-11T00:00:00Z","2023-05-12T00:00:00Z","2","Fish chorus","//nefscdata/PassiveAcoustics/DETECTOR_OUTPUT/PYTHON_SOUNDSCAPE_PYPAM/Raw/NEFSC_DE/NEFSC_DE_202301_DB01/NC/NEFSC_DE_202301_DB01_20230511.nc"
287.9,2917.7,"2023-05-12T00:07:23Z","2023-05-12T09:32:19Z","2","Fish chorus","//nefscdata/PassiveAcoustics/DETECTOR_OUTPUT/PYTHON_SOUNDSCAPE_PYPAM/Raw/NEFSC_DE/NEFSC_DE_202301_DB01/NC/NEFSC_DE_202301_DB01_20230512.nc"
25.8,97.6,"2023-05-12T07:01:17Z","2023-05-12T13:05:48Z","2","Fish chorus","//nefscdata/PassiveAcoustics/DETECTOR_OUTPUT/PYTHON_SOUNDSCAPE_PYPAM/Raw/NEFSC_DE/NEFSC_DE_202301_DB01/NC/NEFSC_DE_202301_DB01_20230512.nc"
29.5,103.3,"2023-05-12T19:40:49Z","2023-05-13T00:00:00Z","2","Fish chorus","//nefscdata/PassiveAcoustics/DETECTOR_OUTPUT/PYTHON_SOUNDSCAPE_PYPAM/Raw/NEFSC_DE/NEFSC_DE_202301_DB01/NC/NEFSC_DE_202301_DB01_20230512.nc"
242.7,4184.9,"2023-05-13T00:13:12Z","2023-05-13T09:25:04Z","2","Fish chorus","//nefscdata/PassiveAcoustics/DETECTOR_OUTPUT/PYTHON_SOUNDSCAPE_PYPAM/Raw/NEFSC_DE/NEFSC_DE_202301_DB01/NC/NEFSC_DE_202301_DB01_20230513.nc"
25.3,99.4,"2023-05-13T08:00:50Z","2023-05-13T13:43:34Z","2","Fish chorus","//nefscdata/PassiveAcoustics/DETECTOR_OUTPUT/PYTHON_SOUNDSCAPE_PYPAM/Raw/NEFSC_DE/NEFSC_DE_202301_DB01/NC/NEFSC_DE_202301_DB01_20230513.nc"
23.5,76.2,"2023-05-13T19:52:26Z","2023-05-14T00:00:00Z","2","Fish chorus","//nefscdata/PassiveAcoustics/DETECTOR_OUTPUT/PYTHON_SOUNDSCAPE_PYPAM/Raw/NEFSC_DE/NEFSC_DE_202301_DB01/NC/NEFSC_DE_202301_DB01_20230513.nc"
11019.1,21413.8,"2023-05-13T17:03:59Z","2023-05-14T00:00:00Z","2","Dolphin","//nefscdata/PassiveAcoustics/DETECTOR_OUTPUT/PYTHON_SOUNDSCAPE_PYPAM/Raw/NEFSC_DE/NEFSC_DE_202301_DB01/NC/NEFSC_DE_202301_DB01_20230513.nc"
247.3,4601.6,"2023-05-14T00:14:39Z","2023-05-14T08:06:19Z","2","Fish chorus","//nefscdata/PassiveAcoustics/DETECTOR_OUTPUT/PYTHON_SOUNDSCAPE_PYPAM/Raw/NEFSC_DE/NEFSC_DE_202301_DB01/NC/NEFSC_DE_202301_DB01_20230514.nc"
24.4,95.7,"2023-05-14T00:03:02Z","2023-05-14T04:44:35Z","2","Fish chorus","//nefscdata/PassiveAcoustics/DETECTOR_OUTPUT/PYTHON_SOUNDSCAPE_PYPAM/Raw/NEFSC_DE/NEFSC_DE_202301_DB01/NC/NEFSC_DE_202301_DB01_20230514.nc"
25.8,103.3,"2023-05-14T08:00:31Z","2023-05-15T00:00:00Z","2","Fish chorus","//nefscdata/PassiveAcoustics/DETECTOR_OUTPUT/PYTHON_SOUNDSCAPE_PYPAM/Raw/NEFSC_DE/NEFSC_DE_202301_DB01/NC/NEFSC_DE_202301_DB01_20230514.nc"
10213.3,23961,"2023-05-14T00:19:00Z","2023-05-14T03:46:32Z","2","Dolphin","//nefscdata/PassiveAcoustics/DETECTOR_OUTPUT/PYTHON_SOUNDSCAPE_PYPAM/Raw/NEFSC_DE/NEFSC_DE_202301_DB01/NC/NEFSC_DE_202301_DB01_20230514.nc"
24.4,115.7,"2023-05-15T00:01:35Z","2023-05-15T02:28:16Z","2","Fish chorus","//nefscdata/PassiveAcoustics/DETECTOR_OUTPUT/PYTHON_SOUNDSCAPE_PYPAM/Raw/NEFSC_DE/NEFSC_DE_202301_DB01/NC/NEFSC_DE_202301_DB01_20230515.nc"
23.1,95.7,"2023-05-15T06:52:34Z","2023-05-15T08:41:30Z","2","Fish chorus","//nefscdata/PassiveAcoustics/DETECTOR_OUTPUT/PYTHON_SOUNDSCAPE_PYPAM/Raw/NEFSC_DE/NEFSC_DE_202301_DB01/NC/NEFSC_DE_202301_DB01_20230515.nc"
24.9,103.3,"2023-05-15T09:41:02Z","2023-05-15T16:30:35Z","2","Fish chorus","//nefscdata/PassiveAcoustics/DETECTOR_OUTPUT/PYTHON_SOUNDSCAPE_PYPAM/Raw/NEFSC_DE/NEFSC_DE_202301_DB01/NC/NEFSC_DE_202301_DB01_20230515.nc"
261.8,3806,"2023-05-15T00:19:01Z","2023-05-15T07:28:53Z","2","Fish chorus","//nefscdata/PassiveAcoustics/DETECTOR_OUTPUT/PYTHON_SOUNDSCAPE_PYPAM/Raw/NEFSC_DE/NEFSC_DE_202301_DB01/NC/NEFSC_DE_202301_DB01_20230515.nc"
26.3,111.4,"2023-05-16T00:05:56Z","2023-05-16T05:25:26Z","2","Fish chorus","//nefscdata/PassiveAcoustics/DETECTOR_OUTPUT/PYTHON_SOUNDSCAPE_PYPAM/Raw/NEFSC_DE/NEFSC_DE_202301_DB01/NC/NEFSC_DE_202301_DB01_20230516.nc"
30.6,88.7,"2023-05-16T08:53:07Z","2023-05-17T00:00:00Z","2","Fish chorus","//nefscdata/PassiveAcoustics/DETECTOR_OUTPUT/PYTHON_SOUNDSCAPE_PYPAM/Raw/NEFSC_DE/NEFSC_DE_202301_DB01/NC/NEFSC_DE_202301_DB01_20230516.nc"
322.6,4871.3,"2023-05-16T00:33:32Z","2023-05-16T06:54:02Z","2","Fish chorus","//nefscdata/PassiveAcoustics/DETECTOR_OUTPUT/PYTHON_SOUNDSCAPE_PYPAM/Raw/NEFSC_DE/NEFSC_DE_202301_DB01/NC/NEFSC_DE_202301_DB01_20230516.nc"
299,4601.6,"2023-05-17T00:27:43Z","2023-05-17T08:44:24Z","2","Fish chorus","//nefscdata/PassiveAcoustics/DETECTOR_OUTPUT/PYTHON_SOUNDSCAPE_PYPAM/Raw/NEFSC_DE/NEFSC_DE_202301_DB01/NC/NEFSC_DE_202301_DB01_20230517.nc"
24.4,88.7,"2023-05-17T00:00:00Z","2023-05-17T02:21:00Z","2","Fish chorus","//nefscdata/PassiveAcoustics/DETECTOR_OUTPUT/PYTHON_SOUNDSCAPE_PYPAM/Raw/NEFSC_DE/NEFSC_DE_202301_DB01/NC/NEFSC_DE_202301_DB01_20230517.nc"
24.9,105.3,"2023-05-17T03:36:31Z","2023-05-17T05:09:28Z","2","Fish chorus","//nefscdata/PassiveAcoustics/DETECTOR_OUTPUT/PYTHON_SOUNDSCAPE_PYPAM/Raw/NEFSC_DE/NEFSC_DE_202301_DB01/NC/NEFSC_DE_202301_DB01_20230517.nc"
25.8,82.2,"2023-05-17T08:56:01Z","2023-05-17T13:17:25Z","2","Fish chorus","//nefscdata/PassiveAcoustics/DETECTOR_OUTPUT/PYTHON_SOUNDSCAPE_PYPAM/Raw/NEFSC_DE/NEFSC_DE_202301_DB01/NC/NEFSC_DE_202301_DB01_20230517.nc"
26.8,97.6,"2023-05-17T15:01:59Z","2023-05-18T00:00:00Z","2","Fish chorus","//nefscdata/PassiveAcoustics/DETECTOR_OUTPUT/PYTHON_SOUNDSCAPE_PYPAM/Raw/NEFSC_DE/NEFSC_DE_202301_DB01/NC/NEFSC_DE_202301_DB01_20230517.nc"
277.2,3396.2,"2023-05-18T00:32:03Z","2023-05-18T08:17:56Z","2","Fish chorus","//nefscdata/PassiveAcoustics/DETECTOR_OUTPUT/PYTHON_SOUNDSCAPE_PYPAM/Raw/NEFSC_DE/NEFSC_DE_202301_DB01/NC/NEFSC_DE_202301_DB01_20230518.nc"
25.3,85.4,"2023-05-18T00:01:35Z","2023-05-19T00:00:00Z","2","Fish chorus","//nefscdata/PassiveAcoustics/DETECTOR_OUTPUT/PYTHON_SOUNDSCAPE_PYPAM/Raw/NEFSC_DE/NEFSC_DE_202301_DB01/NC/NEFSC_DE_202301_DB01_20230518.nc"
256.9,2413.3,"2023-05-19T00:26:16Z","2023-05-19T06:32:14Z","2","Fish chorus","//nefscdata/PassiveAcoustics/DETECTOR_OUTPUT/PYTHON_SOUNDSCAPE_PYPAM/Raw/NEFSC_DE/NEFSC_DE_202301_DB01/NC/NEFSC_DE_202301_DB01_20230519.nc"
25.3,109.3,"2023-05-19T00:01:35Z","2023-05-19T03:24:54Z","2","Fish chorus","//nefscdata/PassiveAcoustics/DETECTOR_OUTPUT/PYTHON_SOUNDSCAPE_PYPAM/Raw/NEFSC_DE/NEFSC_DE_202301_DB01/NC/NEFSC_DE_202301_DB01_20230519.nc"
21.8,101.3,"2023-05-19T04:30:15Z","2023-05-19T09:07:38Z","2","Fish chorus","//nefscdata/PassiveAcoustics/DETECTOR_OUTPUT/PYTHON_SOUNDSCAPE_PYPAM/Raw/NEFSC_DE/NEFSC_DE_202301_DB01/NC/NEFSC_DE_202301_DB01_20230519.nc"
21,109.3,"2023-05-19T16:23:19Z","2023-05-20T00:00:00Z","2","Fish chorus","//nefscdata/PassiveAcoustics/DETECTOR_OUTPUT/PYTHON_SOUNDSCAPE_PYPAM/Raw/NEFSC_DE/NEFSC_DE_202301_DB01/NC/NEFSC_DE_202301_DB01_20230519.nc"
272,3147.9,"2023-05-20T00:10:18Z","2023-05-20T06:48:13Z","2","Fish chorus","//nefscdata/PassiveAcoustics/DETECTOR_OUTPUT/PYTHON_SOUNDSCAPE_PYPAM/Raw/NEFSC_DE/NEFSC_DE_202301_DB01/NC/NEFSC_DE_202301_DB01_20230520.nc"
20.2,103.3,"2023-05-20T00:00:00Z","2023-05-20T02:50:03Z","2","Fish chorus","//nefscdata/PassiveAcoustics/DETECTOR_OUTPUT/PYTHON_SOUNDSCAPE_PYPAM/Raw/NEFSC_DE/NEFSC_DE_202301_DB01/NC/NEFSC_DE_202301_DB01_20230520.nc"
19.4,111.4,"2023-05-20T05:09:28Z","2023-05-21T00:00:00Z","2","Fish chorus","//nefscdata/PassiveAcoustics/DETECTOR_OUTPUT/PYTHON_SOUNDSCAPE_PYPAM/Raw/NEFSC_DE/NEFSC_DE_202301_DB01/NC/NEFSC_DE_202301_DB01_20230520.nc"
252.1,3953.2,"2023-05-21T00:16:06Z","2023-05-21T06:10:27Z","2","Fish chorus","//nefscdata/PassiveAcoustics/DETECTOR_OUTPUT/PYTHON_SOUNDSCAPE_PYPAM/Raw/NEFSC_DE/NEFSC_DE_202301_DB01/NC/NEFSC_DE_202301_DB01_20230521.nc"
26.3,107.3,"2023-05-21T00:00:00Z","2023-05-21T23:56:25Z","2","Fish chorus","//nefscdata/PassiveAcoustics/DETECTOR_OUTPUT/PYTHON_SOUNDSCAPE_PYPAM/Raw/NEFSC_DE/NEFSC_DE_202301_DB01/NC/NEFSC_DE_202301_DB01_20230521.nc"
24.9,88.7,"2023-05-22T00:00:00Z","2023-05-22T12:00:27Z","2","Fish chorus","//nefscdata/PassiveAcoustics/DETECTOR_OUTPUT/PYTHON_SOUNDSCAPE_PYPAM/Raw/NEFSC_DE/NEFSC_DE_202301_DB01/NC/NEFSC_DE_202301_DB01_20230522.nc"
24.4,88.7,"2023-05-22T13:08:43Z","2023-05-22T16:02:59Z","2","Fish chorus","//nefscdata/PassiveAcoustics/DETECTOR_OUTPUT/PYTHON_SOUNDSCAPE_PYPAM/Raw/NEFSC_DE/NEFSC_DE_202301_DB01/NC/NEFSC_DE_202301_DB01_20230522.nc"
25.3,107.3,"2023-05-22T18:15:08Z","2023-05-23T00:00:00Z","2","Fish chorus","//nefscdata/PassiveAcoustics/DETECTOR_OUTPUT/PYTHON_SOUNDSCAPE_PYPAM/Raw/NEFSC_DE/NEFSC_DE_202301_DB01/NC/NEFSC_DE_202301_DB01_20230522.nc"
256.9,2809,"2023-05-22T00:20:28Z","2023-05-22T07:08:33Z","2","Fish chorus","//nefscdata/PassiveAcoustics/DETECTOR_OUTPUT/PYTHON_SOUNDSCAPE_PYPAM/Raw/NEFSC_DE/NEFSC_DE_202301_DB01/NC/NEFSC_DE_202301_DB01_20230522.nc"
328.8,4871.3,"2023-05-23T00:16:06Z","2023-05-23T08:22:37Z","2","Fish chorus","//nefscdata/PassiveAcoustics/DETECTOR_OUTPUT/PYTHON_SOUNDSCAPE_PYPAM/Raw/NEFSC_DE/NEFSC_DE_202301_DB01/NC/NEFSC_DE_202301_DB01_20230523.nc"
25.3,97.6,"2023-05-23T00:00:08Z","2023-05-23T23:58:33Z","2","Fish chorus","//nefscdata/PassiveAcoustics/DETECTOR_OUTPUT/PYTHON_SOUNDSCAPE_PYPAM/Raw/NEFSC_DE/NEFSC_DE_202301_DB01/NC/NEFSC_DE_202301_DB01_20230523.nc"
23.5,115.7,"2023-05-24T00:01:35Z","2023-05-25T00:00:00Z","2","Fish chorus","//nefscdata/PassiveAcoustics/DETECTOR_OUTPUT/PYTHON_SOUNDSCAPE_PYPAM/Raw/NEFSC_DE/NEFSC_DE_202301_DB01/NC/NEFSC_DE_202301_DB01_20230524.nc"
316.6,1218.5,"2023-05-24T00:00:00Z","2023-05-24T07:53:34Z","2","Fish chorus","//nefscdata/PassiveAcoustics/DETECTOR_OUTPUT/PYTHON_SOUNDSCAPE_PYPAM/Raw/NEFSC_DE/NEFSC_DE_202301_DB01/NC/NEFSC_DE_202301_DB01_20230524.nc"
293.4,758.1,"2023-05-24T20:11:19Z","2023-05-25T00:00:00Z","2","Fish chorus","//nefscdata/PassiveAcoustics/DETECTOR_OUTPUT/PYTHON_SOUNDSCAPE_PYPAM/Raw/NEFSC_DE/NEFSC_DE_202301_DB01/NC/NEFSC_DE_202301_DB01_20230524.nc"
21,118,"2023-05-25T00:00:00Z","2023-05-26T00:00:00Z","2","Fish chorus","//nefscdata/PassiveAcoustics/DETECTOR_OUTPUT/PYTHON_SOUNDSCAPE_PYPAM/Raw/NEFSC_DE/NEFSC_DE_202301_DB01/NC/NEFSC_DE_202301_DB01_20230525.nc"
159.8,4601.6,"2023-05-25T00:00:00Z","2023-05-25T07:34:34Z","2","Fish chorus","//nefscdata/PassiveAcoustics/DETECTOR_OUTPUT/PYTHON_SOUNDSCAPE_PYPAM/Raw/NEFSC_DE/NEFSC_DE_202301_DB01/NC/NEFSC_DE_202301_DB01_20230525.nc"
189.6,772.6,"2023-05-25T19:56:48Z","2023-05-26T00:00:00Z","2","Fish chorus","//nefscdata/PassiveAcoustics/DETECTOR_OUTPUT/PYTHON_SOUNDSCAPE_PYPAM/Raw/NEFSC_DE/NEFSC_DE_202301_DB01/NC/NEFSC_DE_202301_DB01_20230525.nc"
118,5778.8,"2023-05-26T00:00:00Z","2023-05-26T08:34:14Z","2","Fish chorus","//nefscdata/PassiveAcoustics/DETECTOR_OUTPUT/PYTHON_SOUNDSCAPE_PYPAM/Raw/NEFSC_DE/NEFSC_DE_202301_DB01/NC/NEFSC_DE_202301_DB01_20230526.nc"
21,113.6,"2023-05-26T00:03:02Z","2023-05-27T00:00:00Z","2","Fish chorus","//nefscdata/PassiveAcoustics/DETECTOR_OUTPUT/PYTHON_SOUNDSCAPE_PYPAM/Raw/NEFSC_DE/NEFSC_DE_202301_DB01/NC/NEFSC_DE_202301_DB01_20230526.nc"
204.6,952,"2023-05-26T17:57:43Z","2023-05-27T00:00:00Z","2","Fish chorus","//nefscdata/PassiveAcoustics/DETECTOR_OUTPUT/PYTHON_SOUNDSCAPE_PYPAM/Raw/NEFSC_DE/NEFSC_DE_202301_DB01/NC/NEFSC_DE_202301_DB01_20230526.nc"
101.3,6986.9,"2023-05-27T00:00:00Z","2023-05-27T08:57:20Z","2","Fish chorus","//nefscdata/PassiveAcoustics/DETECTOR_OUTPUT/PYTHON_SOUNDSCAPE_PYPAM/Raw/NEFSC_DE/NEFSC_DE_202301_DB01/NC/NEFSC_DE_202301_DB01_20230527.nc"
137.3,689.4,"2023-05-27T17:35:09Z","2023-05-28T00:00:00Z","2","Fish chorus","//nefscdata/PassiveAcoustics/DETECTOR_OUTPUT/PYTHON_SOUNDSCAPE_PYPAM/Raw/NEFSC_DE/NEFSC_DE_202301_DB01/NC/NEFSC_DE_202301_DB01_20230527.nc"
19,95.7,"2023-05-27T00:03:02Z","2023-05-28T00:00:00Z","2","Fish chorus","//nefscdata/PassiveAcoustics/DETECTOR_OUTPUT/PYTHON_SOUNDSCAPE_PYPAM/Raw/NEFSC_DE/NEFSC_DE_202301_DB01/NC/NEFSC_DE_202301_DB01_20230527.nc"
85.4,934.1,"2023-05-28T00:00:08Z","2023-05-28T09:25:04Z","2","Fish chorus","//nefscdata/PassiveAcoustics/DETECTOR_OUTPUT/PYTHON_SOUNDSCAPE_PYPAM/Raw/NEFSC_DE/NEFSC_DE_202301_DB01/NC/NEFSC_DE_202301_DB01_20230528.nc"
19,95.7,"2023-05-28T00:00:00Z","2023-05-29T00:00:00Z","2","Fish chorus","//nefscdata/PassiveAcoustics/DETECTOR_OUTPUT/PYTHON_SOUNDSCAPE_PYPAM/Raw/NEFSC_DE/NEFSC_DE_202301_DB01/NC/NEFSC_DE_202301_DB01_20230528.nc"
132.2,1129.4,"2023-05-28T18:47:46Z","2023-05-29T00:00:00Z","2","Fish chorus","//nefscdata/PassiveAcoustics/DETECTOR_OUTPUT/PYTHON_SOUNDSCAPE_PYPAM/Raw/NEFSC_DE/NEFSC_DE_202301_DB01/NC/NEFSC_DE_202301_DB01_20230528.nc"
97.6,4184.9,"2023-05-29T00:00:00Z","2023-05-29T08:28:25Z","2","Fish chorus","//nefscdata/PassiveAcoustics/DETECTOR_OUTPUT/PYTHON_SOUNDSCAPE_PYPAM/Raw/NEFSC_DE/NEFSC_DE_202301_DB01/NC/NEFSC_DE_202301_DB01_20230529.nc"
293.4,916.5,"2023-05-29T20:12:00Z","2023-05-30T00:00:00Z","2","Fish chorus","//nefscdata/PassiveAcoustics/DETECTOR_OUTPUT/PYTHON_SOUNDSCAPE_PYPAM/Raw/NEFSC_DE/NEFSC_DE_202301_DB01/NC/NEFSC_DE_202301_DB01_20230529.nc"
19,99.4,"2023-05-29T00:00:00Z","2023-05-30T00:00:00Z","2","Fish chorus","//nefscdata/PassiveAcoustics/DETECTOR_OUTPUT/PYTHON_SOUNDSCAPE_PYPAM/Raw/NEFSC_DE/NEFSC_DE_202301_DB01/NC/NEFSC_DE_202301_DB01_20230529.nc"
124.9,970.2,"2023-05-30T00:00:00Z","2023-05-30T09:09:05Z","2","Fish chorus","//nefscdata/PassiveAcoustics/DETECTOR_OUTPUT/PYTHON_SOUNDSCAPE_PYPAM/Raw/NEFSC_DE/NEFSC_DE_202301_DB01/NC/NEFSC_DE_202301_DB01_20230530.nc"
233.6,802.5,"2023-05-30T19:31:20Z","2023-05-31T00:00:00Z","2","Fish chorus","//nefscdata/PassiveAcoustics/DETECTOR_OUTPUT/PYTHON_SOUNDSCAPE_PYPAM/Raw/NEFSC_DE/NEFSC_DE_202301_DB01/NC/NEFSC_DE_202301_DB01_20230530.nc"
19,103.3,"2023-05-30T00:00:00Z","2023-05-31T00:00:00Z","2","Fish chorus","//nefscdata/PassiveAcoustics/DETECTOR_OUTPUT/PYTHON_SOUNDSCAPE_PYPAM/Raw/NEFSC_DE/NEFSC_DE_202301_DB01/NC/NEFSC_DE_202301_DB01_20230530.nc"
151,1087.3,"2023-05-31T00:04:29Z","2023-05-31T08:21:10Z","2","Fish chorus","//nefscdata/PassiveAcoustics/DETECTOR_OUTPUT/PYTHON_SOUNDSCAPE_PYPAM/Raw/NEFSC_DE/NEFSC_DE_202301_DB01/NC/NEFSC_DE_202301_DB01_20230531.nc"
238.1,849.5,"2023-05-31T19:10:20Z","2023-06-01T00:00:00Z","2","Fish chorus","//nefscdata/PassiveAcoustics/DETECTOR_OUTPUT/PYTHON_SOUNDSCAPE_PYPAM/Raw/NEFSC_DE/NEFSC_DE_202301_DB01/NC/NEFSC_DE_202301_DB01_20230531.nc"
19,92.2,"2023-05-31T00:00:00Z","2023-06-01T00:00:00Z","2","Fish chorus","//nefscdata/PassiveAcoustics/DETECTOR_OUTPUT/PYTHON_SOUNDSCAPE_PYPAM/Raw/NEFSC_DE/NEFSC_DE_202301_DB01/NC/NEFSC_DE_202301_DB01_20230531.nc"
88.7,3461.3,"2023-06-01T00:00:00Z","2023-06-01T08:42:49Z","2","Fish chorus","//nefscdata/PassiveAcoustics/DETECTOR_OUTPUT/PYTHON_SOUNDSCAPE_PYPAM/Raw/NEFSC_DE/NEFSC_DE_202301_DB01/NC/NEFSC_DE_202301_DB01_20230601.nc"
151,758.1,"2023-06-01T17:19:10Z","2023-06-02T00:00:00Z","2","Fish chorus","//nefscdata/PassiveAcoustics/DETECTOR_OUTPUT/PYTHON_SOUNDSCAPE_PYPAM/Raw/NEFSC_DE/NEFSC_DE_202301_DB01/NC/NEFSC_DE_202301_DB01_20230601.nc"
19,85.4,"2023-06-01T00:04:29Z","2023-06-01T01:28:43Z","2","Fish chorus","//nefscdata/PassiveAcoustics/DETECTOR_OUTPUT/PYTHON_SOUNDSCAPE_PYPAM/Raw/NEFSC_DE/NEFSC_DE_202301_DB01/NC/NEFSC_DE_202301_DB01_20230601.nc"
19,88.7,"2023-06-01T03:13:17Z","2023-06-01T07:14:21Z","2","Fish chorus","//nefscdata/PassiveAcoustics/DETECTOR_OUTPUT/PYTHON_SOUNDSCAPE_PYPAM/Raw/NEFSC_DE/NEFSC_DE_202301_DB01/NC/NEFSC_DE_202301_DB01_20230601.nc"
19.4,105.3,"2023-06-01T09:20:42Z","2023-06-01T13:11:37Z","2","Fish chorus","//nefscdata/PassiveAcoustics/DETECTOR_OUTPUT/PYTHON_SOUNDSCAPE_PYPAM/Raw/NEFSC_DE/NEFSC_DE_202301_DB01/NC/NEFSC_DE_202301_DB01_20230601.nc"
19,97.6,"2023-06-01T14:21:19Z","2023-06-02T00:00:00Z","2","Fish chorus","//nefscdata/PassiveAcoustics/DETECTOR_OUTPUT/PYTHON_SOUNDSCAPE_PYPAM/Raw/NEFSC_DE/NEFSC_DE_202301_DB01/NC/NEFSC_DE_202301_DB01_20230601.nc"
95.7,1747.6,"2023-06-02T00:00:00Z","2023-06-02T08:38:35Z","2","Fish chorus","//nefscdata/PassiveAcoustics/DETECTOR_OUTPUT/PYTHON_SOUNDSCAPE_PYPAM/Raw/NEFSC_DE/NEFSC_DE_202301_DB01/NC/NEFSC_DE_202301_DB01_20230602.nc"
120.2,882.4,"2023-06-02T19:40:49Z","2023-06-03T00:00:00Z","2","Fish chorus","//nefscdata/PassiveAcoustics/DETECTOR_OUTPUT/PYTHON_SOUNDSCAPE_PYPAM/Raw/NEFSC_DE/NEFSC_DE_202301_DB01/NC/NEFSC_DE_202301_DB01_20230602.nc"
19,82.2,"2023-06-02T00:01:35Z","2023-06-02T01:57:46Z","2","Fish chorus","//nefscdata/PassiveAcoustics/DETECTOR_OUTPUT/PYTHON_SOUNDSCAPE_PYPAM/Raw/NEFSC_DE/NEFSC_DE_202301_DB01/NC/NEFSC_DE_202301_DB01_20230602.nc"
19,80.7,"2023-06-02T04:12:49Z","2023-06-02T07:36:08Z","2","Fish chorus","//nefscdata/PassiveAcoustics/DETECTOR_OUTPUT/PYTHON_SOUNDSCAPE_PYPAM/Raw/NEFSC_DE/NEFSC_DE_202301_DB01/NC/NEFSC_DE_202301_DB01_20230602.nc"
19,85.4,"2023-06-02T10:56:33Z","2023-06-02T14:08:15Z","2","Fish chorus","//nefscdata/PassiveAcoustics/DETECTOR_OUTPUT/PYTHON_SOUNDSCAPE_PYPAM/Raw/NEFSC_DE/NEFSC_DE_202301_DB01/NC/NEFSC_DE_202301_DB01_20230602.nc"
19,70.7,"2023-06-02T15:54:16Z","2023-06-02T18:54:21Z","2","Fish chorus","//nefscdata/PassiveAcoustics/DETECTOR_OUTPUT/PYTHON_SOUNDSCAPE_PYPAM/Raw/NEFSC_DE/NEFSC_DE_202301_DB01/NC/NEFSC_DE_202301_DB01_20230602.nc"
19,73.4,"2023-06-02T22:33:39Z","2023-06-03T00:00:00Z","2","Fish chorus","//nefscdata/PassiveAcoustics/DETECTOR_OUTPUT/PYTHON_SOUNDSCAPE_PYPAM/Raw/NEFSC_DE/NEFSC_DE_202301_DB01/NC/NEFSC_DE_202301_DB01_20230602.nc"
127.3,2704.4,"2023-06-03T00:00:08Z","2023-06-03T08:44:24Z","2","Fish chorus","//nefscdata/PassiveAcoustics/DETECTOR_OUTPUT/PYTHON_SOUNDSCAPE_PYPAM/Raw/NEFSC_DE/NEFSC_DE_202301_DB01/NC/NEFSC_DE_202301_DB01_20230603.nc"
19,74.8,"2023-06-03T00:00:00Z","2023-06-03T01:47:36Z","2","Fish chorus","//nefscdata/PassiveAcoustics/DETECTOR_OUTPUT/PYTHON_SOUNDSCAPE_PYPAM/Raw/NEFSC_DE/NEFSC_DE_202301_DB01/NC/NEFSC_DE_202301_DB01_20230603.nc"
19,107.3,"2023-06-03T04:50:35Z","2023-06-03T14:09:42Z","2","Fish chorus","//nefscdata/PassiveAcoustics/DETECTOR_OUTPUT/PYTHON_SOUNDSCAPE_PYPAM/Raw/NEFSC_DE/NEFSC_DE_202301_DB01/NC/NEFSC_DE_202301_DB01_20230603.nc"
19,122.5,"2023-06-03T17:01:04Z","2023-06-04T00:00:00Z","2","Fish chorus","//nefscdata/PassiveAcoustics/DETECTOR_OUTPUT/PYTHON_SOUNDSCAPE_PYPAM/Raw/NEFSC_DE/NEFSC_DE_202301_DB01/NC/NEFSC_DE_202301_DB01_20230603.nc"
172.4,952,"2023-06-03T18:02:04Z","2023-06-03T23:58:33Z","2","Fish chorus","//nefscdata/PassiveAcoustics/DETECTOR_OUTPUT/PYTHON_SOUNDSCAPE_PYPAM/Raw/NEFSC_DE/NEFSC_DE_202301_DB01/NC/NEFSC_DE_202301_DB01_20230603.nc"
124.9,1108.1,"2023-06-04T00:04:29Z","2023-06-04T09:10:32Z","2","Fish chorus","//nefscdata/PassiveAcoustics/DETECTOR_OUTPUT/PYTHON_SOUNDSCAPE_PYPAM/Raw/NEFSC_DE/NEFSC_DE_202301_DB01/NC/NEFSC_DE_202301_DB01_20230604.nc"
20.6,107.3,"2023-06-04T00:00:00Z","2023-06-05T00:00:00Z","2","Fish chorus","//nefscdata/PassiveAcoustics/DETECTOR_OUTPUT/PYTHON_SOUNDSCAPE_PYPAM/Raw/NEFSC_DE/NEFSC_DE_202301_DB01/NC/NEFSC_DE_202301_DB01_20230604.nc"
156.8,1087.3,"2023-06-04T17:12:41Z","2023-06-04T23:54:58Z","2","Fish chorus","//nefscdata/PassiveAcoustics/DETECTOR_OUTPUT/PYTHON_SOUNDSCAPE_PYPAM/Raw/NEFSC_DE/NEFSC_DE_202301_DB01/NC/NEFSC_DE_202301_DB01_20230604.nc"
105.3,833.5,"2023-06-05T00:01:35Z","2023-06-05T05:50:08Z","2","Fish chorus","//nefscdata/PassiveAcoustics/DETECTOR_OUTPUT/PYTHON_SOUNDSCAPE_PYPAM/Raw/NEFSC_DE/NEFSC_DE_202301_DB01/NC/NEFSC_DE_202301_DB01_20230605.nc"
175.7,1108.1,"2023-06-05T18:50:00Z","2023-06-06T00:00:00Z","2","Fish chorus","//nefscdata/PassiveAcoustics/DETECTOR_OUTPUT/PYTHON_SOUNDSCAPE_PYPAM/Raw/NEFSC_DE/NEFSC_DE_202301_DB01/NC/NEFSC_DE_202301_DB01_20230605.nc"
19,93.9,"2023-06-05T00:00:08Z","2023-06-05T02:21:00Z","2","Fish chorus","//nefscdata/PassiveAcoustics/DETECTOR_OUTPUT/PYTHON_SOUNDSCAPE_PYPAM/Raw/NEFSC_DE/NEFSC_DE_202301_DB01/NC/NEFSC_DE_202301_DB01_20230605.nc"
19,115.7,"2023-06-05T03:19:05Z","2023-06-05T07:46:18Z","2","Fish chorus","//nefscdata/PassiveAcoustics/DETECTOR_OUTPUT/PYTHON_SOUNDSCAPE_PYPAM/Raw/NEFSC_DE/NEFSC_DE_202301_DB01/NC/NEFSC_DE_202301_DB01_20230605.nc"
19,113.6,"2023-06-05T09:49:45Z","2023-06-05T15:16:31Z","2","Fish chorus","//nefscdata/PassiveAcoustics/DETECTOR_OUTPUT/PYTHON_SOUNDSCAPE_PYPAM/Raw/NEFSC_DE/NEFSC_DE_202301_DB01/NC/NEFSC_DE_202301_DB01_20230605.nc"
19,88.7,"2023-06-05T16:52:22Z","2023-06-06T00:00:00Z","2","Fish chorus","//nefscdata/PassiveAcoustics/DETECTOR_OUTPUT/PYTHON_SOUNDSCAPE_PYPAM/Raw/NEFSC_DE/NEFSC_DE_202301_DB01/NC/NEFSC_DE_202301_DB01_20230605.nc"
87.1,1173.1,"2023-06-06T00:00:00Z","2023-06-06T05:21:05Z","2","Fish chorus","//nefscdata/PassiveAcoustics/DETECTOR_OUTPUT/PYTHON_SOUNDSCAPE_PYPAM/Raw/NEFSC_DE/NEFSC_DE_202301_DB01/NC/NEFSC_DE_202301_DB01_20230606.nc"
19.1,69.3,"2023-06-06T00:00:00Z","2023-06-06T03:20:33Z","2","Fish chorus","//nefscdata/PassiveAcoustics/DETECTOR_OUTPUT/PYTHON_SOUNDSCAPE_PYPAM/Raw/NEFSC_DE/NEFSC_DE_202301_DB01/NC/NEFSC_DE_202301_DB01_20230606.nc"
19,105.3,"2023-06-06T04:21:32Z","2023-06-06T07:34:41Z","2","Fish chorus","//nefscdata/PassiveAcoustics/DETECTOR_OUTPUT/PYTHON_SOUNDSCAPE_PYPAM/Raw/NEFSC_DE/NEFSC_DE_202301_DB01/NC/NEFSC_DE_202301_DB01_20230606.nc"
19,95.7,"2023-06-06T09:55:34Z","2023-06-06T15:54:16Z","2","Fish chorus","//nefscdata/PassiveAcoustics/DETECTOR_OUTPUT/PYTHON_SOUNDSCAPE_PYPAM/Raw/NEFSC_DE/NEFSC_DE_202301_DB01/NC/NEFSC_DE_202301_DB01_20230606.nc"
19,77.7,"2023-06-06T17:56:16Z","2023-06-06T19:43:44Z","2","Fish chorus","//nefscdata/PassiveAcoustics/DETECTOR_OUTPUT/PYTHON_SOUNDSCAPE_PYPAM/Raw/NEFSC_DE/NEFSC_DE_202301_DB01/NC/NEFSC_DE_202301_DB01_20230606.nc"
19,95.7,"2023-06-06T20:47:38Z","2023-06-07T00:00:00Z","2","Fish chorus","//nefscdata/PassiveAcoustics/DETECTOR_OUTPUT/PYTHON_SOUNDSCAPE_PYPAM/Raw/NEFSC_DE/NEFSC_DE_202301_DB01/NC/NEFSC_DE_202301_DB01_20230606.nc"
175.7,1289.9,"2023-06-06T18:47:05Z","2023-06-06T23:56:25Z","2","Fish chorus","//nefscdata/PassiveAcoustics/DETECTOR_OUTPUT/PYTHON_SOUNDSCAPE_PYPAM/Raw/NEFSC_DE/NEFSC_DE_202301_DB01/NC/NEFSC_DE_202301_DB01_20230606.nc"
97.6,2279.7,"2023-06-07T00:00:00Z","2023-06-07T08:12:27Z","2","Fish chorus","//nefscdata/PassiveAcoustics/DETECTOR_OUTPUT/PYTHON_SOUNDSCAPE_PYPAM/Raw/NEFSC_DE/NEFSC_DE_202301_DB01/NC/NEFSC_DE_202301_DB01_20230607.nc"
97.6,988.8,"2023-06-07T19:45:11Z","2023-06-07T23:56:25Z","2","Fish chorus","//nefscdata/PassiveAcoustics/DETECTOR_OUTPUT/PYTHON_SOUNDSCAPE_PYPAM/Raw/NEFSC_DE/NEFSC_DE_202301_DB01/NC/NEFSC_DE_202301_DB01_20230607.nc"
21,72,"2023-06-07T00:00:00Z","2023-06-07T04:34:36Z","2","Fish chorus","//nefscdata/PassiveAcoustics/DETECTOR_OUTPUT/PYTHON_SOUNDSCAPE_PYPAM/Raw/NEFSC_DE/NEFSC_DE_202301_DB01/NC/NEFSC_DE_202301_DB01_20230607.nc"
19,92.2,"2023-06-07T05:23:59Z","2023-06-07T08:56:01Z","2","Fish chorus","//nefscdata/PassiveAcoustics/DETECTOR_OUTPUT/PYTHON_SOUNDSCAPE_PYPAM/Raw/NEFSC_DE/NEFSC_DE_202301_DB01/NC/NEFSC_DE_202301_DB01_20230607.nc"
19,77.7,"2023-06-07T11:38:40Z","2023-06-07T17:05:26Z","2","Fish chorus","//nefscdata/PassiveAcoustics/DETECTOR_OUTPUT/PYTHON_SOUNDSCAPE_PYPAM/Raw/NEFSC_DE/NEFSC_DE_202301_DB01/NC/NEFSC_DE_202301_DB01_20230607.nc"
27.3,70.7,"2023-06-07T20:44:43Z","2023-06-08T00:00:00Z","2","Fish chorus","//nefscdata/PassiveAcoustics/DETECTOR_OUTPUT/PYTHON_SOUNDSCAPE_PYPAM/Raw/NEFSC_DE/NEFSC_DE_202301_DB01/NC/NEFSC_DE_202301_DB01_20230607.nc"
95.7,2653.5,"2023-06-08T00:01:35Z","2023-06-08T08:56:01Z","2","Fish chorus","//nefscdata/PassiveAcoustics/DETECTOR_OUTPUT/PYTHON_SOUNDSCAPE_PYPAM/Raw/NEFSC_DE/NEFSC_DE_202301_DB01/NC/NEFSC_DE_202301_DB01_20230608.nc"
76.2,1087.3,"2023-06-08T19:42:17Z","2023-06-08T23:56:25Z","2","Fish chorus","//nefscdata/PassiveAcoustics/DETECTOR_OUTPUT/PYTHON_SOUNDSCAPE_PYPAM/Raw/NEFSC_DE/NEFSC_DE_202301_DB01/NC/NEFSC_DE_202301_DB01_20230608.nc"
22.6,76.2,"2023-06-08T00:01:35Z","2023-06-08T05:09:28Z","2","Fish chorus","//nefscdata/PassiveAcoustics/DETECTOR_OUTPUT/PYTHON_SOUNDSCAPE_PYPAM/Raw/NEFSC_DE/NEFSC_DE_202301_DB01/NC/NEFSC_DE_202301_DB01_20230608.nc"
22.2,88.7,"2023-06-08T06:46:46Z","2023-06-08T10:04:16Z","2","Fish chorus","//nefscdata/PassiveAcoustics/DETECTOR_OUTPUT/PYTHON_SOUNDSCAPE_PYPAM/Raw/NEFSC_DE/NEFSC_DE_202301_DB01/NC/NEFSC_DE_202301_DB01_20230608.nc"
21,92.2,"2023-06-08T11:09:37Z","2023-06-08T17:31:34Z","2","Fish chorus","//nefscdata/PassiveAcoustics/DETECTOR_OUTPUT/PYTHON_SOUNDSCAPE_PYPAM/Raw/NEFSC_DE/NEFSC_DE_202301_DB01/NC/NEFSC_DE_202301_DB01_20230608.nc"
23.5,76.2,"2023-06-08T18:38:23Z","2023-06-09T00:00:00Z","2","Fish chorus","//nefscdata/PassiveAcoustics/DETECTOR_OUTPUT/PYTHON_SOUNDSCAPE_PYPAM/Raw/NEFSC_DE/NEFSC_DE_202301_DB01/NC/NEFSC_DE_202301_DB01_20230608.nc"
197,2113,"2023-06-09T00:00:00Z","2023-06-09T08:48:38Z","2","Fish chorus","//nefscdata/PassiveAcoustics/DETECTOR_OUTPUT/PYTHON_SOUNDSCAPE_PYPAM/Raw/NEFSC_DE/NEFSC_DE_202301_DB01/NC/NEFSC_DE_202301_DB01_20230609.nc"
23.1,65.5,"2023-06-09T00:01:35Z","2023-06-10T00:00:00Z","2","Fish chorus","//nefscdata/PassiveAcoustics/DETECTOR_OUTPUT/PYTHON_SOUNDSCAPE_PYPAM/Raw/NEFSC_DE/NEFSC_DE_202301_DB01/NC/NEFSC_DE_202301_DB01_20230609.nc"
107.3,1173.1,"2023-06-09T19:42:17Z","2023-06-10T00:00:00Z","2","Fish chorus","//nefscdata/PassiveAcoustics/DETECTOR_OUTPUT/PYTHON_SOUNDSCAPE_PYPAM/Raw/NEFSC_DE/NEFSC_DE_202301_DB01/NC/NEFSC_DE_202301_DB01_20230609.nc"
76.2,2603.6,"2023-06-10T00:00:00Z","2023-06-10T08:28:25Z","2","Fish chorus","//nefscdata/PassiveAcoustics/DETECTOR_OUTPUT/PYTHON_SOUNDSCAPE_PYPAM/Raw/NEFSC_DE/NEFSC_DE_202301_DB01/NC/NEFSC_DE_202301_DB01_20230610.nc"
26.3,76.2,"2023-06-10T00:00:00Z","2023-06-10T07:36:01Z","2","Fish chorus","//nefscdata/PassiveAcoustics/DETECTOR_OUTPUT/PYTHON_SOUNDSCAPE_PYPAM/Raw/NEFSC_DE/NEFSC_DE_202301_DB01/NC/NEFSC_DE_202301_DB01_20230610.nc"
22.6,82.2,"2023-06-10T08:42:57Z","2023-06-10T23:55:39Z","2","Fish chorus","//nefscdata/PassiveAcoustics/DETECTOR_OUTPUT/PYTHON_SOUNDSCAPE_PYPAM/Raw/NEFSC_DE/NEFSC_DE_202301_DB01/NC/NEFSC_DE_202301_DB01_20230610.nc"
134.7,787.4,"2023-06-10T20:35:14Z","2023-06-11T00:00:00Z","2","Fish chorus","//nefscdata/PassiveAcoustics/DETECTOR_OUTPUT/PYTHON_SOUNDSCAPE_PYPAM/Raw/NEFSC_DE/NEFSC_DE_202301_DB01/NC/NEFSC_DE_202301_DB01_20230610.nc"
101.3,1747.6,"2023-06-11T00:00:00Z","2023-06-11T08:35:33Z","2","Fish chorus","//nefscdata/PassiveAcoustics/DETECTOR_OUTPUT/PYTHON_SOUNDSCAPE_PYPAM/Raw/NEFSC_DE/NEFSC_DE_202301_DB01/NC/NEFSC_DE_202301_DB01_20230611.nc"
20.6,70.7,"2023-06-11T01:11:17Z","2023-06-11T09:01:50Z","2","Fish chorus","//nefscdata/PassiveAcoustics/DETECTOR_OUTPUT/PYTHON_SOUNDSCAPE_PYPAM/Raw/NEFSC_DE/NEFSC_DE_202301_DB01/NC/NEFSC_DE_202301_DB01_20230611.nc"
23.5,82.2,"2023-06-11T09:42:29Z","2023-06-12T00:00:00Z","2","Fish chorus","//nefscdata/PassiveAcoustics/DETECTOR_OUTPUT/PYTHON_SOUNDSCAPE_PYPAM/Raw/NEFSC_DE/NEFSC_DE_202301_DB01/NC/NEFSC_DE_202301_DB01_20230611.nc"
90.4,6002.4,"2023-06-12T00:00:00Z","2023-06-12T08:25:31Z","2","Fish chorus","//nefscdata/PassiveAcoustics/DETECTOR_OUTPUT/PYTHON_SOUNDSCAPE_PYPAM/Raw/NEFSC_DE/NEFSC_DE_202301_DB01/NC/NEFSC_DE_202301_DB01_20230612.nc"
204.6,689.4,"2023-06-12T20:56:20Z","2023-06-13T00:00:00Z","2","Fish chorus","//nefscdata/PassiveAcoustics/DETECTOR_OUTPUT/PYTHON_SOUNDSCAPE_PYPAM/Raw/NEFSC_DE/NEFSC_DE_202301_DB01/NC/NEFSC_DE_202301_DB01_20230612.nc"
21,77.7,"2023-06-12T02:03:34Z","2023-06-12T09:49:45Z","2","Fish chorus","//nefscdata/PassiveAcoustics/DETECTOR_OUTPUT/PYTHON_SOUNDSCAPE_PYPAM/Raw/NEFSC_DE/NEFSC_DE_202301_DB01/NC/NEFSC_DE_202301_DB01_20230612.nc"
21,72,"2023-06-12T10:04:16Z","2023-06-12T13:23:14Z","2","Fish chorus","//nefscdata/PassiveAcoustics/DETECTOR_OUTPUT/PYTHON_SOUNDSCAPE_PYPAM/Raw/NEFSC_DE/NEFSC_DE_202301_DB01/NC/NEFSC_DE_202301_DB01_20230612.nc"
23.9,65.5,"2023-06-12T15:32:29Z","2023-06-13T00:00:00Z","2","Fish chorus","//nefscdata/PassiveAcoustics/DETECTOR_OUTPUT/PYTHON_SOUNDSCAPE_PYPAM/Raw/NEFSC_DE/NEFSC_DE_202301_DB01/NC/NEFSC_DE_202301_DB01_20230612.nc"
88.7,3208.2,"2023-06-13T00:00:00Z","2023-06-13T08:29:53Z","2","Fish chorus","//nefscdata/PassiveAcoustics/DETECTOR_OUTPUT/PYTHON_SOUNDSCAPE_PYPAM/Raw/NEFSC_DE/NEFSC_DE_202301_DB01/NC/NEFSC_DE_202301_DB01_20230613.nc"
282.5,729.8,"2023-06-13T21:42:49Z","2023-06-14T00:00:00Z","2","Fish chorus","//nefscdata/PassiveAcoustics/DETECTOR_OUTPUT/PYTHON_SOUNDSCAPE_PYPAM/Raw/NEFSC_DE/NEFSC_DE_202301_DB01/NC/NEFSC_DE_202301_DB01_20230613.nc"
19,77.7,"2023-06-13T02:12:17Z","2023-06-13T09:48:18Z","2","Fish chorus","//nefscdata/PassiveAcoustics/DETECTOR_OUTPUT/PYTHON_SOUNDSCAPE_PYPAM/Raw/NEFSC_DE/NEFSC_DE_202301_DB01/NC/NEFSC_DE_202301_DB01_20230613.nc"
21.4,70.7,"2023-06-13T10:17:21Z","2023-06-13T23:30:17Z","2","Fish chorus","//nefscdata/PassiveAcoustics/DETECTOR_OUTPUT/PYTHON_SOUNDSCAPE_PYPAM/Raw/NEFSC_DE/NEFSC_DE_202301_DB01/NC/NEFSC_DE_202301_DB01_20230613.nc"
83.8,4265.1,"2023-06-14T00:00:00Z","2023-06-14T08:18:15Z","2","Fish chorus","//nefscdata/PassiveAcoustics/DETECTOR_OUTPUT/PYTHON_SOUNDSCAPE_PYPAM/Raw/NEFSC_DE/NEFSC_DE_202301_DB01/NC/NEFSC_DE_202301_DB01_20230614.nc"
19,77.7,"2023-06-14T02:55:51Z","2023-06-14T11:34:19Z","2","Fish chorus","//nefscdata/PassiveAcoustics/DETECTOR_OUTPUT/PYTHON_SOUNDSCAPE_PYPAM/Raw/NEFSC_DE/NEFSC_DE_202301_DB01/NC/NEFSC_DE_202301_DB01_20230614.nc"
19,82.2,"2023-06-14T12:55:38Z","2023-06-14T14:22:47Z","2","Fish chorus","//nefscdata/PassiveAcoustics/DETECTOR_OUTPUT/PYTHON_SOUNDSCAPE_PYPAM/Raw/NEFSC_DE/NEFSC_DE_202301_DB01/NC/NEFSC_DE_202301_DB01_20230614.nc"
21,79.2,"2023-06-14T16:02:59Z","2023-06-14T22:32:11Z","2","Fish chorus","//nefscdata/PassiveAcoustics/DETECTOR_OUTPUT/PYTHON_SOUNDSCAPE_PYPAM/Raw/NEFSC_DE/NEFSC_DE_202301_DB01/NC/NEFSC_DE_202301_DB01_20230614.nc"
77.7,4601.6,"2023-06-15T00:04:21Z","2023-06-15T08:25:31Z","2","Fish chorus","//nefscdata/PassiveAcoustics/DETECTOR_OUTPUT/PYTHON_SOUNDSCAPE_PYPAM/Raw/NEFSC_DE/NEFSC_DE_202301_DB01/NC/NEFSC_DE_202301_DB01_20230615.nc"
272,817.9,"2023-06-15T20:04:04Z","2023-06-16T00:00:00Z","2","Fish chorus","//nefscdata/PassiveAcoustics/DETECTOR_OUTPUT/PYTHON_SOUNDSCAPE_PYPAM/Raw/NEFSC_DE/NEFSC_DE_202301_DB01/NC/NEFSC_DE_202301_DB01_20230615.nc"
19,88.7,"2023-06-15T01:06:56Z","2023-06-15T03:19:05Z","2","Fish chorus","//nefscdata/PassiveAcoustics/DETECTOR_OUTPUT/PYTHON_SOUNDSCAPE_PYPAM/Raw/NEFSC_DE/NEFSC_DE_202301_DB01/NC/NEFSC_DE_202301_DB01_20230615.nc"
22.1,80.7,"2023-06-15T05:37:03Z","2023-06-15T23:58:33Z","2","Fish chorus","//nefscdata/PassiveAcoustics/DETECTOR_OUTPUT/PYTHON_SOUNDSCAPE_PYPAM/Raw/NEFSC_DE/NEFSC_DE_202301_DB01/NC/NEFSC_DE_202301_DB01_20230615.nc"
105.3,4346.9,"2023-06-16T00:11:45Z","2023-06-16T08:29:53Z","2","Fish chorus","//nefscdata/PassiveAcoustics/DETECTOR_OUTPUT/PYTHON_SOUNDSCAPE_PYPAM/Raw/NEFSC_DE/NEFSC_DE_202301_DB01/NC/NEFSC_DE_202301_DB01_20230616.nc"
19.1,82.2,"2023-06-16T01:17:06Z","2023-06-16T04:28:48Z","2","Fish chorus","//nefscdata/PassiveAcoustics/DETECTOR_OUTPUT/PYTHON_SOUNDSCAPE_PYPAM/Raw/NEFSC_DE/NEFSC_DE_202301_DB01/NC/NEFSC_DE_202301_DB01_20230616.nc"
21,76.2,"2023-06-16T05:51:35Z","2023-06-16T16:43:39Z","2","Fish chorus","//nefscdata/PassiveAcoustics/DETECTOR_OUTPUT/PYTHON_SOUNDSCAPE_PYPAM/Raw/NEFSC_DE/NEFSC_DE_202301_DB01/NC/NEFSC_DE_202301_DB01_20230616.nc"
